index,SMILE,IP,qed,FractionCSP3,Chi2v,MinAbsEStateIndex,VSA_EState8,fr_alkyl_halide,BCUT2D_LOGPHI,fr_methoxy,SPS,GWP
0,C(C(F)(F)F)(C(F)(F)F)O,0.423468673,0.5427331254389619,1.0,1.4857615563239732,4.2361111111111125,0.0,6,2.320402298542501,0,14.4,2.31386722
1,C(=C/F)\C(C(F)(F)F)(C(F)(F)F)F,0.381240875,0.5871354807043392,0.6,1.9999392786391008,1.1379166666666674,0.0,7,2.4650697447410557,0,15.384615384615385,0.914871818
2,C(C(C(F)(F)F)(F)F)(Cl)Cl,0.41355199,0.45341180918742213,1.0,2.5176864941752854,2.7569444444444455,0.0,7,2.4106088014171245,0,14.4,2.136720567
3,C(C(F)(F)Cl)(F)F,0.441424512,0.3824913854914838,1.0,1.3462412257102054,3.7692901234567913,0.0,5,2.257729413346108,0,12.857142857142858,3.315970345
4,C(C(F)(F)F)(OC(F)F)Cl,0.42667495,0.4728712952679373,1.0,1.6507872917510102,2.9216820987654324,-3.5100694444444445,6,2.263937846085508,0,15.9,2.731588765
5,C(C(OC(F)F)(F)F)(F)Cl,0.42450555,0.48329409286155045,1.0,1.6241764533060352,2.525462962962963,-3.7435185185185196,6,2.272654716583178,0,15.9,2.815577748
6,C(C(OC(OC(F)(F)F)(F)F)(F)F)(C(F)(F)F)(OC(F)(F)F)F,0.43546974,0.5165751014110705,1.0,3.27082965726316,1.3937308673469389,0.0,14,2.5113443173601584,0,18.0,4.012837225
7,C(Cl)Cl,0.414567615,0.3899621067041534,1.0,0.9091372900969896,0.19444444444444464,0.0,2,1.7266753099347363,0,6.0,1.049218023
8,C(CO)C(C(C(C(C(C(C(F)(F)F)(F)F)(F)F)(F)F)(F)F)(F)F)(F)F,0.37694324,0.5971802928745348,1.0,4.547779834123849,2.0700941279289484,-2.0700941279289484,15,2.6206547191557967,0,16.32,-0.347753659
9,C(F)Cl,0.422616145,0.3737343558390309,1.0,0.3030457633656632,0.7777777777777777,0.0,2,1.6508954077685765,0,6.0,1.899820502
10,C(OC(OC(F)F)(F)F)(F)F,0.452414836,0.4910393395339294,1.0,1.220376407399968,2.3795833333333336,-7.743055555555557,6,2.2248000950478524,0,13.090909090909092,3.782472624
11,CC(F)(Cl)Cl,0.40817283,0.4259022902552142,1.0,2.3943042269608665,1.0516975308641978,1.0516975308641978,3,2.188314215756155,0,12.0,2.934498451
12,C(#N)C(C(F)(F)F)(C(F)(F)F)F,0.460778278,0.5438935986765442,0.75,1.765794891717179,0.4583333333333335,0.0,7,2.448737341214894,0,14.166666666666666,3.439332694
13,C(=C(/C(F)(F)F)\F)(\C(F)(F)F)/F,0.401892614,0.5261212634391369,0.5,1.6234826110944962,3.768518518518518,0.0,6,2.367274446324797,0,16.0,0.294466226
14,C(=C(/C(F)(F)F)\F)\F,0.387456284,0.44344728909575376,0.3333333333333333,0.9548056448283403,1.125,0.0,3,2.2537942961919173,0,14.375,-0.463441557
15,C(=C(/F)\Cl)(\F)/Cl,0.34915741,0.47571065063195817,0.0,1.184500374589883,1.5030864197530855,0.0,0,2.138931400049142,0,14.0,-0.899629455
16,C(=C(\C(F)(F)F)/F)\F,0.38680363,0.44344728909575376,0.3333333333333333,0.9548056448283403,1.125,0.0,3,2.2537942961919173,0,14.375,-0.928117993
17,C(=C(Cl)Cl)(Cl)Cl,0.34069019,0.5179764020153201,0.0,2.4196077047419675,0.09876543209876476,0.0,0,2.1955219623417714,0,8.0,0.802089258
18,C(=C(Cl)Cl)(F)F,0.34990958,0.47571065063195817,0.0,1.4702146603041688,0.9629629629629626,0.0,0,2.1433879929240627,0,8.0,-1.677780705
19,C(=C(Cl)Cl)Cl,0.34557732,0.4737750586148194,0.0,1.6248376489191085,0.08950617283950679,0.0,0,2.0542662292372316,0,7.0,-1.356547324
20,C(=C(F)F)(C(=C(F)F)F)F,0.322808574,0.40998695990753725,0.0,1.1487860888755972,2.8194444444444438,0.0,0,2.2325182330389555,0,9.0,-2.397940009
21,C(=C(F)F)(C(C(F)(F)F)(F)F)F,0.382938944,0.5695133913062662,0.5,1.6465451579182315,3.6830324074074072,0.0,5,2.4249929919444093,0,13.0,-1.045757491
22,C(=C(F)F)(C(C(F)(F)F)(F)F)F,0.381971942,0.5695133913062662,0.5,1.6465451579182315,3.6830324074074072,0.0,5,2.4249929919444093,0,13.0,-0.991399828
23,C(=C(F)F)(C(F)(F)F)F,0.385783705,0.4653113245049681,0.3333333333333333,1.0721521134804333,3.331018518518518,0.0,3,2.2928221944299443,0,11.333333333333334,-1.045757491
24,C(=C(F)F)(F)F,0.367042484,0.4081112544268904,0.0,0.52082161586637,2.9074074074074066,0.0,0,2.0752478884996903,0,8.0,-2.397940009
25,C(=C(F)F)(OC(F)(F)F)F,0.369837428,0.4292130335586439,0.3333333333333333,1.0819184856273212,2.162037037037037,0.0,3,2.2327577875080955,0,11.0,-2.0
26,C(=C(F)F)F,0.367537859,0.4168058255363289,0.0,0.39875540678256,0.75,0.0,0,1.9315112436557258,0,7.0,-2.301029996
27,C(=C/Cl)\C(F)(F)F,0.380799562,0.4720737424715008,0.3333333333333333,1.086243689315597,0.04706790123456761,0.0,3,2.1525877209353586,0,13.142857142857142,0.588831726
28,C(=C/Cl)\F,0.357129643,0.41520184119842773,0.0,0.5039526306789698,0.26543209876543217,0.0,0,1.732131297595268,0,9.5,-2.397940009
29,C(=C/F)\C(F)(F)F,0.395292688,0.42244900321100093,0.3333333333333333,0.834267373976112,0.4791666666666665,0.0,3,2.1480954250071633,0,13.142857142857142,0.136720567
30,C(=C\C(F)(F)F)\C(F)(F)F,0.418603578,0.38101677762069575,0.5,1.416558432612739,0.8541666666666665,0.0,6,2.2174446747373597,0,14.6,0.318063335
31,C(=C\F)\C(F)(F)F,0.394313412,0.42244900321100093,0.3333333333333333,0.834267373976112,0.4791666666666665,0.0,3,2.1480954250071633,0,13.142857142857142,-0.501689446
32,C(=CC(F)(F)F)C(F)(F)F,0.420768808,0.38101677762069575,0.5,1.416558432612739,0.8541666666666665,0.0,6,2.2174446747373597,0,13.0,1.252853031
33,C(=CCl)C(F)(F)F,0.380799567,0.4720737424715008,0.3333333333333333,1.086243689315597,0.04706790123456761,0.0,3,2.1525877209353586,0,10.857142857142858,-0.342944147
34,C(=O)(C(C(F)(F)F)(C(F)(F)F)F)C(C(F)(F)F)(F)F,0.40479327,0.7117613075318905,0.8333333333333334,3.055267751554555,4.9930555555555545,0.0,12,2.5140506458605447,0,15.578947368421053,-0.943095149
35,C(Br)(Br)Br,0.3652842,0.5812778100557083,1.0,6.680767400622813,0.27083333333333326,0.0,3,2.131510843773625,0,9.0,-0.602059991
36,C(Br)Br,0.37603692,0.49009217871797,1.0,2.727411870290968,0.875,0.0,2,1.8300848860732386,0,6.0,0.178976947
37,C(C(C(C(F)(F)F)(F)F)(F)F)(C(C(F)(F)F)(F)F)(F)F,0.42710509,0.6573124695290602,1.0,3.293090315836464,7.4845153061224465,0.0,14,2.5979390014527524,0,16.5,3.935507266
38,C(C(C(C(F)(F)F)(F)F)(F)F)(F)F,0.42810556,0.626964147987803,1.0,1.9958148790672414,5.07951388888889,0.0,9,2.4836888323444075,0,15.23076923076923,3.460897843
39,C(C(C(C(F)(F)F)(F)F)(F)F)O,0.394277715,0.6736471786433598,1.0,1.9347147416310977,2.556041666666667,-2.556041666666667,7,2.4541563170800313,0,15.0,1.562292864
40,C(C(C(C(F)(F)F)F)(F)F)O,0.397771334,0.6415154404025608,1.0,1.8233137389904406,2.159050925925926,-2.159050925925926,6,2.336677127029468,0,16.636363636363637,1.484299839
41,C(C(C(F)(F)Cl)(F)F)(F)Cl,0.41301378,0.47748784418387724,1.0,2.279293466852799,3.4861111111111116,0.0,7,2.419335668049369,0,17.1,2.754348336
42,C(C(C(F)(F)F)(F)F)(C(C(F)(F)F)(F)F)(F)F,0.43155834,0.6732319281386244,1.0,2.7186972713986655,7.258749999999999,0.0,12,2.569350869783072,0,16.235294117647058,3.964730921
43,C(C(C(F)(F)F)(F)F)(C(F)(F)F)(F)F,0.45274427,0.6139900655067855,1.0,2.1443042269608665,6.966249999999999,0.0,10,2.527928368302267,0,15.857142857142858,4.0
44,C(C(C(F)(F)F)(F)F)(F)F,0.444128271,0.5298835509469577,1.0,1.4214218346294432,4.70138888888889,0.0,7,2.3915447290247545,0,14.4,3.474216264
45,C(C(C(F)(F)F)(F)F)F,0.442388325,0.5047221541678888,1.0,1.335838435141093,2.697916666666667,-2.697916666666667,6,2.346923093476261,0,14.0,3.130333768
46,C(C(C(F)(F)F)(F)F)O,0.402461134,0.5560995305933862,1.0,1.3603216971932997,2.197916666666667,-2.197916666666667,5,2.338065575561471,0,14.0,1.53529412
47,C(C(C(F)(F)F)F)(C(C(F)(F)F)(F)F)F,0.43849431,0.6602972019047446,1.0,2.465865423057733,4.894328703703705,0.0,10,2.434498175172428,0,18.8,3.204119983
48,C(C(C(F)(F)F)F)F,0.441109306,0.4798626577729781,1.0,1.1634523399138141,1.9965277777777777,-1.9965277777777777,5,2.2207402452616885,0,16.125,2.511883361
49,C(C(C(F)F)(F)F)F,0.425993591,0.5053432251246295,1.0,1.1953589698853564,2.300925925925926,-2.300925925925926,5,2.217984105724609,0,12.75,2.895974732
50,C(C(C(F)F)(F)F)O,0.391070215,0.5526723816351682,1.0,1.2198422319375632,1.800925925925926,-1.800925925925926,4,2.2032219420493453,0,12.75,1.158362492
51,C(C(C(F)F)(F)F)OC(F)F,0.41273935,0.6048073047522099,1.0,1.6333853540523997,1.9699074074074074,-5.428587962962964,6,2.229595955652151,0,13.090909090909092,2.684845362
52,C(C(Cl)(Cl)Cl)(F)(F)Cl,0.40493145,0.5309872165345898,1.0,3.751447084103724,2.713734567901234,0.0,6,2.4416678280245043,0,14.25,3.550228353
53,C(C(Cl)(Cl)Cl)(F)(F)F,0.41366938,0.5115647154654288,1.0,3.276750561884825,3.145833333333333,0.0,6,2.4232523084086424,0,14.25,3.59439255
54,C(C(Cl)Cl)(F)F,0.41720555,0.48231871701072077,1.0,1.8326913602002621,1.5370370370370374,0.0,4,2.105743092835505,0,11.0,1.847572659
55,C(C(F)(Cl)Cl)(Cl)Cl,0.39143845,0.5517222262770488,1.0,3.2321523469206124,1.3927469135802475,0.0,5,2.3227439567162347,0,12.857142857142858,1.765668555
56,C(C(F)(Cl)Cl)(F)(Cl)Cl,0.40716058,0.5747806664420663,1.0,3.465732798389438,3.2538580246913575,0.0,6,2.4401539280910565,0,14.25,3.664641976
57,C(C(F)(Cl)Cl)(F)(F)Cl,0.42040364,0.553756284383752,1.0,2.7053219904562535,3.6859567901234565,0.0,6,2.420074565788984,0,14.25,3.814247596
58,C(C(F)(Cl)Cl)(F)(F)F,0.43024014,0.38773462792098856,1.0,2.2306254682373545,3.983024691358024,0.0,6,2.4001745680922943,0,14.25,3.870403905
59,C(C(F)(Cl)Cl)(F)Cl,0.40705172,0.5294245217189981,1.0,2.519062797379226,2.36496913580247,0.0,5,2.3060903387383074,0,16.714285714285715,2.389166084
60,C(C(F)(Cl)Cl)F,0.41872573,0.4823281568274539,1.0,2.1404735390782688,1.3649691358024691,-1.3649691358024691,4,2.2116500023937586,0,12.0,2.534026106
61,C(C(F)(F)Br)(F)(F)Br,0.39522931,0.5017968617223129,1.0,2.9874170998445164,1.46875,0.0,6,2.4293941544892226,0,14.25,3.336459734
62,C(C(F)(F)Cl)(Cl)Cl,0.40670093,0.5294245217189981,1.0,2.4425058852560486,1.8248456790123464,0.0,5,2.294107624265415,0,12.857142857142858,1.751279104
63,C(C(F)(F)Cl)(F)(F)Cl,0.43310363,0.4197132452520627,1.0,1.9449111825230676,3.793981481481481,0.0,6,2.3984794817081143,0,14.25,3.974511693
64,C(C(F)(F)Cl)(F)(F)F,0.4565249,0.37122827303074213,1.0,1.4702146603041686,3.550925925925925,0.0,6,2.3769544868920596,0,14.25,3.982271233
65,C(C(F)(F)Cl)(F)Cl,0.42559675,0.5067864119793105,1.0,1.7294163357146624,2.797067901234569,0.0,5,2.2756534976392397,0,16.714285714285715,2.596597096
66,C(C(F)(F)F)(C(F)(F)F)(F)F,0.465475764,0.5123885421431201,1.0,1.5699111825230678,6.578125,0.0,8,2.4636209008745054,0,15.272727272727273,3.968015714
67,C(C(F)(F)F)(C(F)(F)F)F,0.46716158,0.4895108834234751,1.0,1.4457805568128046,4.7361111111111125,0.0,7,2.348021464027848,0,14.4,3.556302501
68,C(C(F)(F)F)(Cl)Br,0.40330832,0.523506439863351,1.0,2.721600380221818,1.9166666666666672,0.0,5,2.280558348603273,0,16.714285714285715,1.653212514
69,C(C(F)(F)F)(Cl)Cl,0.42308256,0.46817355207887645,1.0,1.9385737093057702,2.2569444444444455,0.0,5,2.264874687592644,0,12.857142857142858,1.95616843
70,C(C(F)(F)F)(F)(F)F,0.494092245,0.4494104524188936,1.0,0.9955181380852692,6.0625,0.0,6,2.3536590509342967,0,14.25,4.093421685
71,C(C(F)(F)F)(F)Br,0.41074817,0.3966205033876523,1.0,1.6462396328429685,1.703125,0.0,5,2.259779584294319,0,16.714285714285715,2.303196057
72,C(C(F)(F)F)(F)Cl,0.434961906,0.35334876064599263,1.0,1.2254841597643844,3.229166666666668,0.0,5,2.244323380444813,0,16.714285714285715,2.775974331
73,C(C(F)(F)F)(F)F,0.466143167,0.4274299240598743,1.0,0.8423090497599275,4.20138888888889,0.0,5,2.2242350393052033,0,12.857142857142858,3.572871602
74,C(C(F)(F)F)(OC(C(C(F)(F)F)(F)F)(F)F)F,0.44524624,0.7194741168571234,1.0,2.564439179782366,1.798541666666667,0.0,11,2.479433713454099,0,17.11764705882353,3.821513528
75,C(C(F)(F)F)(OC(F)(F)F)F,0.463875284,0.5709020914564944,1.0,1.4212515750195418,2.010416666666667,0.0,7,2.2920115486571975,0,16.636363636363637,3.876217841
76,C(C(F)(F)F)(OC(F)F)F,0.449640889,0.5732475481548114,1.0,1.254395240240068,2.4895833333333335,-3.7531250000000007,6,2.244883970084244,0,15.9,3.413299764
77,C(C(F)(F)F)Br,0.40375793,0.47832900637313774,1.0,1.309542651983764,0.9166666666666665,0.0,4,2.1561590803414625,0,12.0,2.247973266
78,C(C(F)(F)F)C(F)(F)F,0.475636481,0.4675163824708429,1.0,1.4071318496053382,2.708333333333333,0.0,6,2.313129926926086,0,14.0,3.939019776
79,C(C(F)(F)F)Cl,0.431566028,0.42559296032518934,1.0,1.0160694400229873,1.2569444444444442,0.0,4,2.1440258012813658,0,12.0,2.588831726
80,C(C(F)(F)F)F,0.465805406,0.40653794072819166,1.0,0.7488081981105629,2.2291666666666665,-2.2291666666666665,4,2.1289031407741197,0,12.0,3.184691431
81,C(C(F)(F)F)O,0.41202365,0.4706748907200954,1.0,0.7732914601627696,1.7291666666666665,-1.7291666666666665,3,2.1069378396320526,0,12.0,1.552668216
82,C(C(F)(F)F)OC(C(F)(F)F)(F)F,0.44815765,0.6471636236161262,1.0,1.9183880113030403,2.375,-2.6532638888888886,8,2.3680746610923844,0,14.76923076923077,3.017033339
83,C(C(F)(F)F)OC(C(F)F)(F)F,0.434114265,0.6353597676139614,1.0,1.7663501536938022,2.398472222222222,-2.398472222222222,7,2.2668669645357986,0,14.0,2.991226076
84,C(C(F)(F)F)OC(F)(F)F,0.450522174,0.544353304875439,1.0,1.3495934509780156,2.295138888888889,-2.295138888888889,6,2.2183467897313305,0,13.8,3.041392685
85,C(C(F)(F)F)OC(F)F,0.434837613,0.54494256749566,1.0,1.1868345822776059,1.898148148148148,-5.253125000000001,5,2.1517068552868057,0,12.666666666666666,2.943494516
86,C(C(F)(F)F)OC=O,0.41206806,0.5119681281846417,0.6666666666666666,1.0224068559833617,0.2425694444444444,-1.7460416666666663,3,2.1280414329399675,0,10.875,1.738780558
87,C(C(F)(F)F)OCC(F)(F)F,0.390384198,0.5940785896706683,1.0,1.7231544341354457,1.8685416666666663,-3.737083333333333,6,2.183031316869009,0,13.636363636363637,1.387389826
88,C(C(F)Cl)(F)Cl,0.41812027,0.48231871701072077,1.0,1.5027769206633332,2.0771604938271606,0.0,4,2.1023337767657364,0,20.0,2.086359831
89,C(C(F)Cl)Cl,0.40263497,0.45870060220187114,1.0,1.3275592793873403,0.12345679012345667,0.0,3,1.9613320319260708,0,15.0,1.668385917
90,C(C(F)F)(C(F)(F)F)F,0.446135934,0.50471363803362,1.0,1.2778312443178255,3.981481481481482,0.0,6,2.2652553999485137,0,16.333333333333332,3.176091259
91,C(C(F)F)(C(F)F)F,0.425523876,0.505330255763941,1.0,1.1133362555167945,3.2962962962962967,0.0,5,2.1254744476695144,0,12.0,2.40654018
92,C(C(F)F)(F)F,0.44230689,0.44005067882216214,1.0,0.6689098504474343,3.481481481481482,0.0,4,2.0368252703069194,0,11.0,3.100370545
93,C(C(F)F)(OC(F)(F)F)F,0.443660829,0.5732475481548114,1.0,1.2492047964454989,2.2824074074074074,0.0,6,2.215037457622052,0,15.9,3.100370545
94,C(C(F)F)C(F)(F)F,0.448141575,0.4819942139803816,1.0,1.2103870321946981,2.0069444444444446,0.0,5,2.2247375775856493,0,12.75,2.983175072
95,C(C(F)F)F,0.437768714,0.44775035934082064,1.0,0.5453886597705079,1.5277777777777777,-1.5277777777777777,3,1.8819472535410462,0,9.6,2.561101384
96,C(C(F)F)O,0.395412296,0.48017709055434443,1.0,0.5736594956434714,1.0277777777777777,-1.0277777777777777,2,1.841268753962773,0,9.6,0.790988475
97,C(C(F)F)OC(C(F)(F)F)(F)F,0.42061607,0.6353597676139614,1.0,1.716624843326366,1.9518749999999994,-1.9518749999999994,7,2.3581729117723733,0,14.0,2.983626287
98,C(C(F)F)OC(C(F)F)(F)F,0.412228567,0.6048073047522098,1.0,1.5645869857171277,1.6970833333333335,-1.6970833333333335,6,2.2382941242114343,0,13.090909090909092,2.919601024
99,C(C(F)F)OC(F)(F)F,0.421283431,0.54494256749566,1.0,1.1478302830013412,1.59375,-1.59375,5,2.1615295288184844,0,12.666666666666666,2.970346876
100,C(C(OC(C(F)(F)F)(F)F)(F)F)(F)F,0.44160814,0.6840651106228234,1.0,1.9790948141144808,1.709490740740741,0.0,9,2.412765912427526,0,15.0,3.57634135
101,C(C(OC(F)(F)F)(F)F)(C(F)(F)F)F,0.45755003,0.6693124531950059,1.0,2.013771760842333,1.685115740740741,0.0,9,2.38683358171051,0,16.928571428571427,3.64246452
102,C(C=O)C(F)(F)F,0.384324082,0.46459030395515666,0.6666666666666666,0.9859683890529489,0.16666666666666696,0.0,3,2.161692622226401,0,11.285714285714286,-1.602059991
103,C(CBr)Br,0.36698874,0.5496400415990373,1.0,1.9639610121239308,1.0486111111111112,0.0,2,1.8228633887549897,0,7.5,0.008600172
104,C(CC(F)(F)F)CO,0.383171433,0.5941990765165248,1.0,1.442337765497603,0.19097222222222232,-0.389375,3,2.1989192904119004,0,12.0,-1.30980392
105,C(CCl)Cl,0.397082481,0.4363042365257152,1.0,1.1338934190276815,0.5570987654320989,0.0,2,1.745902114921952,0,7.5,0.113943352
106,C(CF)F,0.435398311,0.4267346251015632,1.0,0.3779644730092271,0.8472222222222223,-1.6944444444444446,2,1.6272868033903742,0,7.5,1.33243846
107,C(CF)O,0.385083898,0.4528643106806505,1.0,0.4125890342545925,0.3472222222222223,-0.9722222222222223,1,1.5356876428595294,0,7.5,-0.27572413
108,C(Cl)(Cl)(Cl)Cl,0.40852219,0.46979553635275456,1.0,3.857142857142857,1.6111111111111107,0.0,4,2.293436919704575,0,12.0,3.342422681
109,C(Cl)(Cl)Cl,0.4066057,0.42785917582286576,1.0,2.226922466874271,0.7499999999999998,0.0,3,2.0323262923561325,0,9.0,1.31386722
110,C(Cl)Br,0.38953315,0.43570756213837314,1.0,1.5746719775034714,0.5347222222222223,0.0,2,1.7819022394103068,0,6.0,0.675778342
111,C(CO)C(C(C(C(C(F)(F)F)(F)F)(F)F)(F)F)(F)F,0.37929881,0.7705436791095532,1.0,3.3989937452482555,1.8231554705215425,-1.8231554705215425,11,2.572780475191237,0,15.789473684210526,-0.273272791
112,C(CO)C(F)(F)F,0.390538614,0.5372389320364892,1.0,1.0887843749043296,0.8159722222222223,-0.8159722222222223,3,2.1720984329591992,0,12.0,-0.207608311
113,C(CO)C(F)(F)F,0.392805693,0.5372389320364892,1.0,1.0887843749043296,0.8159722222222223,-0.8159722222222223,3,2.1720984329591992,0,12.0,-0.207608311
114,C(F)(Cl)(Cl)Cl,0.41484832,0.4494251669146117,1.0,2.571428571428571,2.583333333333333,0.0,4,2.257291318583605,0,12.0,3.794488047
115,C(F)(Cl)Cl,0.4224273,0.4091325491659136,1.0,1.237179148263484,1.722222222222222,0.0,3,1.9834401692482644,0,9.0,2.204119983
116,C(F)(F)(Br)Br,0.39051257,0.5377108790425649,1.0,3.4846149779161797,1.9583333333333333,0.0,4,2.275763289821472,0,12.0,2.334453751
117,C(F)(F)(Cl)Br,0.41649533,0.48265299887814755,1.0,2.3557687223952257,1.8070987654320987,0.0,4,2.2481204898281186,0,12.0,3.285557309
118,C(F)(F)(Cl)Cl,0.43204057,0.429674058961908,1.0,1.5714285714285716,3.5555555555555554,0.0,4,2.2189023423628966,0,12.0,4.096910013
119,C(F)(F)(F)Br,0.42967108,0.46101078485857105,1.0,1.3277469477228496,1.375,0.0,4,2.2093247517986883,0,12.0,3.857332496
120,C(F)(F)(F)Cl,0.46668444,0.41085419838740544,1.0,0.8571428571428571,3.530092592592592,0.0,4,2.177851125980908,0,12.0,4.209515015
121,C(F)(F)(F)F,0.552391616,0.39316715302170946,1.0,0.42857142857142844,5.5,0.0,4,2.133572220796798,0,12.0,3.868056362
122,C(F)(F)(F)S(F)(F)(F)(F)F,0.48719863,0.5165256414444497,1.0,3.815561444390231,7.402777777777779,0.0,3,3.040524000294378,0,21.6,4.267171728
123,C(F)(F)Br,0.41649525,0.4376772227660281,1.0,0.9396214670270893,1.9375,0.0,3,1.97300433739238,0,9.0,2.579783597
124,C(F)(F)Cl,0.450858998,0.391551672656957,1.0,0.5773502691896257,2.6944444444444446,0.0,3,1.9294955594395709,0,9.0,3.292256071
125,C(F)(F)F,0.513551347,0.401096477329913,1.0,0.24743582965269675,3.666666666666667,-3.666666666666667,3,1.8687705323481487,0,9.0,4.164352856
126,C(F)F,0.462914254,0.3834948242297383,1.0,0.10101525445522105,1.75,-1.75,2,1.5571464207992785,0,6.0,2.887054378
127,C(OC(C(F)(F)F)C(F)(F)F)F,0.414008661,0.6216574973922095,1.0,1.739040538756991,2.1352314814814815,-2.1352314814814815,7,2.3491925294640965,0,14.0,2.290034611
128,C(OC(C(OC(C(OC(C(OC(F)F)(F)F)(F)F)(F)F)(F)F)(F)F)(F)F)(F)F,0.42209997,0.3997339633816899,1.0,4.061789331013267,1.478236252834467,-9.65855817267621,16,2.495647850313695,0,15.642857142857142,3.728353782
129,C(OC(C(OC(C(OC(F)F)(F)F)(F)F)(F)F)(F)F)(F)F,0.42972064,0.6227006101566064,1.0,2.9261747973748156,1.6733333333333333,-9.248293178382465,12,2.4611222815477642,0,15.142857142857142,3.758154622
130,C(OC(C(OC(OC(F)F)(F)F)(F)F)(F)F)(F)F,0.44077539,0.5335451099138016,1.0,2.3559909410384194,1.9245833333333335,-8.805968390442597,10,2.4133147572490157,0,14.666666666666666,3.507855872
131,C(OC(F)(F)F)(F)F,0.47727846,0.49861956399303997,1.0,0.8242446405857919,2.104166666666667,-3.7824074074074083,5,2.1875415278349544,0,12.75,4.155336037
132,C(OC(F)F)(F)F,0.46223828,0.49832789852279674,1.0,0.6573883058063182,2.5833333333333335,-6.750000000000002,4,2.0159939697881164,0,11.142857142857142,3.821513528
133,C=C(C(F)(F)F)C(F)(F)F,0.420570216,0.38101677762069575,0.5,1.474071528678543,1.8472222222222223,1.8472222222222223,6,2.3622834817562968,0,13.4,-0.42365865
134,C=C(C(F)(F)F)F,0.395688332,0.42244900321100093,0.3333333333333333,0.9026575035477905,2.0347222222222223,2.0347222222222223,3,2.2340656070314155,0,11.428571428571429,-0.300162274
135,C=C(F)F,0.374979178,0.3990350582423505,0.0,0.33868981334099574,1.8333333333333333,2.2222222222222223,0,1.8504863671692267,0,6.5,-1.283996656
136,C=CC(C(C(C(C(C(F)(F)F)(F)F)(F)F)(F)F)(F)F)(F)F,0.38933076,0.4901595368899746,0.75,3.6224216574923447,1.2889668367346934,1.887193995653817,13,2.597420350813669,0,16.047619047619047,-0.790484985
137,C=CC(C(C(C(F)(F)F)(F)F)(F)F)(F)F,0.39444207,0.5263927881090195,0.6666666666666666,2.4736355686167477,0.9656249999999997,2.063530328798186,9,2.5267886205734547,0,15.266666666666667,-0.690369833
138,C=CC(C(C(F)(F)F)(F)F)(F)F,0.396643015,0.4699889568674792,0.6,1.8992425241789481,0.7356249999999998,2.1821527777777776,7,2.461931569416632,0,14.583333333333334,-0.628932138
139,C=CC(C(F)(F)F)(F)F,0.400060601,0.39315344317450157,0.5,1.32484947974115,0.4375,2.328819444444444,5,2.351343842646831,0,13.444444444444445,-0.739928612
140,C=CC(F)(F)F,0.403786882,0.40269220626441804,0.3333333333333333,0.7457366948716343,0.0625,2.5069444444444446,3,2.132304000615986,0,11.166666666666666,-0.583359493
141,C=CCOC(=O)C(F)(F)F,0.366368943,0.44197337109201434,0.4,1.3848959161667855,0.41831018518518515,2.651817365835223,3,2.1543905303486564,0,10.7,-2.15490196
142,C=CF,0.374231874,0.38291489315291866,0.0,0.15430334996209188,0.25,2.6944444444444446,0,1.4786546255195343,0,4.333333333333333,-1.619788758
143,C=COC(=O)C(F)(F)F,0.368239439,0.40416892934008347,0.25,1.0697343444723242,0.426412037037037,2.7711111111111113,3,2.1547741129873645,0,10.555555555555555,-2.096910013
144,C=COCC(F)(F)F,0.33623079,0.5115206773772702,0.5,1.0928484777850904,0.7574305555555556,1.6880555555555556,3,2.13414063201187,0,10.875,-1.236572006
145,CBr,0.38708764,0.3936198519990384,1.0,0.0,1.8125,0.0,1,1.4502765948426826,0,3.0,0.385606274
146,CC(=O)C(F)(F)F,0.385391595,0.45880344116999744,0.6666666666666666,1.0539452868905321,0.48611111111111116,0.48611111111111116,3,2.1378491347288526,0,11.428571428571429,-1.045757491
147,CC(C(F)(F)F)(F)F,0.44720753,0.44527031093697456,1.0,1.3861343499850467,0.1875,-0.1875,5,2.335715869759829,0,14.25,3.658011397
148,CC(C)(F)F,0.422796813,0.414799203628493,1.0,1.327357517447026,0.8541666666666667,1.7083333333333335,2,2.061002634292418,0,12.0,2.777426822
149,CC(C)Br,0.36951547,0.43047180293883447,1.0,2.845137107244989,0.6458333333333333,4.166666666666667,1,1.8941925491955878,0,9.0,-0.899629455
150,CC(C)Cl,0.39144981,0.386541833877651,1.0,1.8866576106055803,0.3055555555555556,3.864197530864198,1,1.842508684556675,0,9.0,-0.742321425
151,CC(CC(F)(F)F)(F)F,0.433993344,0.5010979228247958,1.0,1.8621619493944843,0.23659722222222257,0.23659722222222257,5,2.298578732447558,0,14.0,2.960946196
152,CC(Cl)(Cl)Cl,0.39595577,0.4451705567734128,1.0,3.629411557112951,1.083333333333333,1.4837962962962963,3,2.228453532548324,0,12.0,2.206825876
153,CC(F)(F)Cl,0.436173907,0.4076457672724475,1.0,1.4449111825230678,0.6195987654320989,0.6195987654320989,3,2.1451657400281965,0,12.0,3.361727836
154,CC(F)(F)F,0.482135692,0.4175407165966273,1.0,0.7812324237995549,0.1875,0.1875,3,2.0983092708752635,0,12.0,3.764176132
155,CC(F)F,0.440398492,0.39915452119348377,1.0,0.518914390356217,0.8333333333333335,0.8333333333333335,2,1.8213026634537173,0,9.0,2.214843848
156,CCBr,0.37702165,0.4121785720964007,1.0,1.388730149658827,1.0625,2.0416666666666665,1,1.6687770697621314,0,6.0,-0.312471039
157,CCC(=O)C(F)(F)F,0.377949624,0.5202440509752633,0.75,1.2744887948459174,0.46875,1.176412037037037,3,2.162928008404423,0,11.5,-1.022276395
158,CCC(F)(F)F,0.450925692,0.43408137461655616,1.0,0.9687309677476243,0.7291666666666665,1.0833333333333333,3,2.169191005234968,0,12.0,1.873901598
159,CCCBr,0.37396719,0.4659881510679793,1.0,1.4819805060619653,1.1319444444444444,2.1336805555555554,1,1.7997615625636736,0,7.5,-1.283996656
160,CCCCCl,0.390299252,0.45745018943386945,1.0,1.4205001001071142,0.8159722222222223,2.127361111111111,1,1.8601210146897886,0,8.4,-2.15490196
161,CCCl,0.400733681,0.37198554725482313,1.0,0.8017837257372731,0.7222222222222223,1.8904320987654322,1,1.5937454258654642,0,6.0,-0.317854924
162,CCF,0.433784461,0.38239715499610855,1.0,0.26726124191242434,0.25,1.2083333333333335,1,1.4841043790826154,0,6.0,0.684845362
163,CCl,0.414108329,0.3573626606013345,1.0,0.0,1.4722222222222223,0.0,1,1.3381539846067307,0,3.0,0.743509765
164,CCOC(=O)C(F)(F)F,0.39964439,0.5124036393908263,0.75,1.218229249500119,0.2516435185185184,1.0575231481481482,3,2.152960218873922,0,11.11111111111111,0.198657087
165,CCOC(C(C(C(F)(F)F)(F)F)(F)F)(F)F,0.41007766,0.7064777716131744,1.0,2.5963340903216943,0.7318664965986394,-0.4243565759637191,9,2.5271042259875363,0,15.375,1.783188691
166,CCOC(C(C(F)(F)F)(C(F)(F)F)F)(F)F,0.41554179,0.7092286546858098,1.0,2.6037804252456525,0.695514455782313,-0.5219160997732426,9,2.542924836344974,0,15.375,1.53529412
167,CCOC(C(C(F)(F)F)F)(F)F,0.408771564,0.6298840095796973,1.0,1.898981650889735,0.6909722222222223,0.34772250566893437,6,2.34829570223861,0,16.25,1.421603927
168,CCOC(C(F)F)(F)F,0.406165483,0.5521020457033079,1.0,1.2955101438368577,0.4193055555555556,0.7992361111111113,4,2.228002052589522,0,12.666666666666666,1.096910013
169,CCOC(F)(F)F,0.41660236,0.502028066044374,1.0,0.8787534411210713,0.3159722222222223,0.969236111111111,3,2.142660857598817,0,12.0,1.465382851
170,CF,0.467051091,0.3673293108901918,1.0,0.0,0.5,0.0,1,1.1558472183733948,0,3.0,2.130333768
171,COC(=O)C(F)(F)F,0.407841876,0.4491127109804482,0.6666666666666666,0.9893406928398311,0.676412037037037,0.0,3,2.1469059217841906,1,11.0,1.915399835
172,COC(C(C(C(F)(F)F)(F)F)(F)F)(F)F,0.41636913,0.6992206360329705,1.0,2.3674455336614066,0.12463860544217686,0.0,9,2.525144492478965,1,15.6,2.7355989
173,COC(C(C(F)(F)F)(C(F)(F)F)F)(C(C(F)(F)F)(F)F)F,0.39501384,0.6888925796479488,1.0,3.525525808272146,0.7029166666666669,0.0,13,2.6106307015718357,1,18.571428571428573,2.607455023
174,COC(C(C(F)(F)F)(C(F)(F)F)F)(F)F,0.42672527,0.6841411321236668,1.0,2.3748918685853644,0.17479166666666668,0.0,9,2.5407701046595528,1,15.6,2.640481437
175,COC(C(C(F)(F)F)(F)F)(F)F,0.425652853,0.6216574973922095,1.0,1.793052489223607,0.055208333333333304,0.0,7,2.4594145988550933,1,15.0,2.760422483
176,COC(C(C(F)(F)F)F)(F)F,0.419893223,0.5940681441672168,1.0,1.6700930942294472,0.29000000000000004,0.0,6,2.343451946216251,1,16.636363636363637,2.421603927
177,COC(C(C(F)F)(F)F)(F)F,0.411710977,0.6071623033716994,1.0,1.6445631413299833,0.21854166666666686,0.0,6,2.3860524407764014,1,14.181818181818182,2.442479769
178,COC(C(F)(F)F)(C(F)(F)F)F,0.411462808,0.5903120969902259,1.0,1.7949003400347918,0.012916666666666465,0.0,7,2.457558769556039,1,15.0,2.593286067
179,COC(C(F)(F)F)(F)F,0.432078413,0.5174653102504866,1.0,1.218659444785809,0.2852083333333333,0.0,5,2.3473096460837644,1,14.0,2.873320602
180,COC(C(F)(F)F)C(F)(F)F,0.387988684,0.5641138623913207,1.0,1.698967187367844,0.352824074074074,0.0,6,2.3435570465799165,1,14.181818181818182,0.910090546
181,COC(C(F)Cl)(F)F,0.402516034,0.5425087175546522,1.0,1.449796697181027,0.6755555555555555,0.0,4,2.23725942265248,1,16.125,2.133538908
182,COC(C(OC(C(OC(C(OC)(F)F)(F)F)(F)F)(F)F)(F)F)(F)F,0.38929453,0.5569285778682652,1.0,3.713029818763251,0.16929865874265193,0.0,12,2.48783596196621,2,15.75,2.340444115
183,COC(F)(F)F,0.433571628,0.44334097683436796,1.0,0.6498648844607836,0.5833333333333333,0.0,3,2.1258138912958873,1,12.0,2.789580712
184,COCC(C(F)(F)F)(F)F,0.37282148,0.5654504667206317,1.0,1.6352205160770998,0.7774305555555556,-1.6284722222222223,5,2.3455477730784615,1,13.8,0.204119983
185,COCC(C(F)F)(F)F,0.362325373,0.5484163332007153,1.0,1.494741050821364,0.940763888888889,-1.2314814814814814,4,2.216125653823732,1,12.666666666666666,0.225309282
186,COCC(F)(F)F,0.37569168,0.4972086342176293,1.0,1.04819027904657,1.0074305555555556,-1.1597222222222223,3,2.1266489125140358,1,12.0,0.31386722
187,FC(F)(F)C(OC(F)F)C(F)(F)F,0.43157393,0.647162034622946,1.0,1.8600004616194648,2.3958333333333335,-4.1312500000000005,8,2.359764691725194,0,14.307692307692308,3.482873584
188,FC(F)(OC(F)F)C(F)(F)OC(F)F,0.43449436,0.6804941929494385,1.0,1.790560263736365,2.1283333333333334,-8.505282501889647,8,2.3815457267345206,0,14.142857142857142,3.521138084
189,FC(F)(OC)C(F)(F)OC,0.39352519,0.5846800571542279,1.0,1.4418007514863485,0.4652083333333332,0.0,4,2.3409690142228423,2,13.8,2.305351369
190,FC(F)OC,0.416288795,0.45540924099330404,1.0,0.49635503155469773,0.949074074074074,-2.6157407407407405,2,1.8682647406258301,1,9.6,2.133538908
191,FS(F)(F)(F)(F)F,0.536314379,0.4601519369796083,0.0,2.6244532958391193,9.847222222222221,0.0,0,2.988726151981254,0,23.142857142857142,4.401400541
192,N(F)(F)F,0.484370715,0.3839802173164478,0.0,0.19166296949998193,2.5,0.0,0,1.822973645534352,0,9.0,4.240549248
193,O=COC(F)(F)C(F)(F)F,0.420344907,0.4539434690773572,0.6666666666666666,1.228611474616573,0.9647916666666676,-0.9647916666666676,5,2.3488684402712883,0,12.9,2.775974331
194,O=S(=O)(F)F,0.482147797,0.40838224316833815,0.0,1.1350166443063272,5.666666666666666,0.0,0,1.8533340229937307,0,11.6,3.665580991
195,OCCF,0.385074629,0.4528643106806505,1.0,0.4125890342545925,0.3472222222222223,-0.9722222222222223,1,1.535687642859531,0,7.5,-0.27572413
