index,SMILE,IP,SMR_VSA7,MinAbsEStateIndex,FpDensityMorgan3,SlogP_VSA12,fr_ketone,EState_VSA5,VSA_EState3,HomoLumoGap,BCUT2D_LOGPHI,LF
0,C(C(F)(F)F)(C(F)(F)F)O,0.423468673,0.0,4.2361111111111125,1.0,0.0,0,0.0,7.472222222222222,0.372,2.320402298542501,0.278753601
1,C(=C/F)\C(C(F)(F)F)(C(F)(F)F)F,0.381240875,12.40580956301666,1.1379166666666674,1.0769230769230769,0.0,0,0.0,0.0,0.26959,2.4650697447410557,-0.476253533
2,C(C(C(F)(F)F)(F)F)(Cl)Cl,0.41355199,0.0,2.7569444444444455,1.2,23.20187978046503,0,0.0,0.0,0.29259,2.4106088014171245,0.278753601
3,C(C(F)(F)Cl)(F)F,0.441424512,0.0,3.7692901234567913,1.4285714285714286,11.600939890232516,0,0.0,-4.361111111111111,0.33465,2.257729413346108,1.230448921
4,C(C(F)(F)F)(OC(F)F)Cl,0.42667495,0.0,2.9216820987654324,1.7,11.600939890232516,0,0.0,0.0,0.31563,2.263937846085508,0.544068044
5,C(C(OC(F)F)(F)F)(F)Cl,0.42450555,0.0,2.525462962962963,1.7,11.600939890232516,0,0.0,0.0,0.32441,2.272654716583178,0.645422269
6,C(C(OC(OC(F)(F)F)(F)F)(F)F)(C(F)(F)F)(OC(F)(F)F)F,0.43546974,0.0,1.3937308673469389,1.0434782608695652,0.0,0,14.210588861400147,0.0,0.38841,2.5113443173601584,2.903089987
7,C(Cl)Cl,0.414567615,0.0,0.19444444444444464,1.3333333333333333,23.20187978046503,0,0.0,0.19444444444444464,0.29323,1.7266753099347363,-0.307153081
8,C(CO)C(C(C(C(C(C(C(F)(F)F)(F)F)(F)F)(F)F)(F)F)(F)F)(F)F,0.37694324,0.0,2.0700941279289484,1.0,0.0,0,0.0,7.966905688182068,0.29406,2.6206547191557967,-1.327902142
9,C(F)Cl,0.422616145,0.0,0.7777777777777777,2.0,11.600939890232516,0,0.0,0.0,0.32476,1.6508954077685765,0.079181246
10,C(OC(OC(F)F)(F)F)(F)F,0.452414836,0.0,2.3795833333333336,1.2727272727272727,0.0,0,0.0,0.0,0.46278,2.2248000950478524,1.423245874
11,CC(F)(Cl)Cl,0.40817283,0.0,1.0516975308641978,1.6,23.20187978046503,0,0.0,0.0,0.28849,2.188314215756155,0.973127854
12,C(#N)C(C(F)(F)F)(C(F)(F)F)F,0.460778278,0.0,0.4583333333333335,1.0,0.0,0,0.0,7.391527777777777,0.32379,2.448737341214894,1.537819095
13,C(=C(/C(F)(F)F)\F)(\C(F)(F)F)/F,0.401892614,11.653747758836332,3.768518518518518,0.8333333333333334,0.0,0,0.0,0.0,0.25182,2.367274446324797,-1.070581074
14,C(=C(/C(F)(F)F)\F)\F,0.387456284,12.156663335600946,1.125,1.625,0.0,0,0.0,0.0,0.26508,2.2537942961919173,-1.568636236
15,C(=C(/F)\Cl)(\F)/Cl,0.34915741,10.57211140292499,1.5030864197530855,1.1666666666666667,23.20187978046503,0,0.0,-3.0061728395061715,0.24204,2.138931400049142,-1.721246399
16,C(=C(\C(F)(F)F)/F)\F,0.38680363,12.156663335600946,1.125,1.625,0.0,0,0.0,0.0,0.26133,2.2537942961919173,-1.795880017
17,C(=C(Cl)Cl)(Cl)Cl,0.34069019,8.982936348315855,0.09876543209876476,0.8333333333333334,46.40375956093006,0,0.0,0.0,0.22142,2.1955219623417714,-0.521433504
18,C(=C(Cl)Cl)(F)F,0.34990958,10.572111402924993,0.9629629629629626,1.3333333333333333,23.20187978046503,0,0.0,0.0,0.24667,2.1433879929240627,-2.22184875
19,C(=C(Cl)Cl)Cl,0.34557732,10.02667010303614,0.08950617283950679,1.6,34.802819670697545,0,0.0,0.0,0.2316,2.0542662292372316,-1.823908741
20,C(=C(F)F)(C(=C(F)F)F)F,0.322808574,23.815034216370464,2.8194444444444438,0.8,0.0,0,0.0,0.0,0.2002,2.2325182330389555,-2.522878745
21,C(=C(F)F)(C(C(F)(F)F)(F)F)F,0.382938944,11.90751710818523,3.6830324074074072,1.1666666666666667,0.0,0,0.0,0.0,0.25522,2.4249929919444093,-1.795880017
22,C(=C(F)F)(C(C(F)(F)F)(F)F)F,0.381971942,11.90751710818523,3.6830324074074072,1.1666666666666667,0.0,0,0.0,0.0,0.26111,2.4249929919444093,-1.795880017
23,C(=C(F)F)(C(F)(F)F)F,0.385783705,11.90751710818523,3.331018518518518,1.2222222222222223,0.0,0,0.0,0.0,0.26608,2.2928221944299443,-1.823908741
24,C(=C(F)F)(F)F,0.367042484,12.161286457534128,2.9074074074074066,0.8333333333333334,0.0,0,0.0,0.0,0.2841,2.0752478884996903,-2.522878745
25,C(=C(F)F)(OC(F)(F)F)F,0.369837428,12.093577449772138,2.162037037037037,1.5,0.0,0,0.0,0.0,0.27597,2.2327577875080955,-2.397940009
26,C(=C(F)F)F,0.367537859,12.410432684949845,0.75,1.6,0.0,0,0.0,0.0,0.28046,1.9315112436557258,-2.397940009
27,C(=C/Cl)\C(F)(F)F,0.380799562,11.611222035712094,0.04706790123456761,1.7142857142857142,11.600939890232516,0,0.0,0.0,0.25117,2.1525877209353586,-0.935542011
28,C(=C/Cl)\F,0.357129643,11.864991385060993,0.26543209876543217,2.0,11.600939890232516,0,0.0,0.0,0.25675,1.732131297595268,-2.301029996
29,C(=C/F)\C(F)(F)F,0.395292688,12.40580956301666,0.4791666666666665,1.5714285714285714,0.0,0,0.0,0.0,0.27302,2.1480954250071633,-1.283996656
30,C(=C\C(F)(F)F)\C(F)(F)F,0.418603578,12.152040213667762,0.8541666666666665,0.9,0.0,0,0.0,0.0,0.26327,2.2174446747373597,-1.13076828
31,C(=C\F)\C(F)(F)F,0.394313412,12.40580956301666,0.4791666666666665,1.5714285714285714,0.0,0,0.0,0.0,0.26707,2.1480954250071633,-1.568636236
32,C(=CC(F)(F)F)C(F)(F)F,0.420768808,12.152040213667762,0.8541666666666665,0.9,0.0,0,0.0,0.0,0.27159,2.2174446747373597,-0.476253533
33,C(=CCl)C(F)(F)F,0.380799567,11.611222035712094,0.04706790123456761,1.7142857142857142,11.600939890232516,0,0.0,0.0,0.25117,2.1525877209353586,-1.443697499
34,C(=O)(C(C(F)(F)F)(C(F)(F)F)F)C(C(F)(F)F)(F)F,0.40479327,0.0,4.9930555555555545,0.9473684210526315,0.0,1,0.0,0.0,0.21221,2.5140506458605447,-1.721246399
35,C(Br)(Br)Br,0.3652842,0.0,0.27083333333333326,1.0,47.78983169384804,0,0.0,0.0,0.20765,2.131510843773625,-0.806875402
36,C(Br)Br,0.37603692,0.0,0.875,1.3333333333333333,31.859887795898697,0,0.0,0.0,0.24224,1.8300848860732386,-0.386158178
37,C(C(C(C(F)(F)F)(F)F)(F)F)(C(C(F)(F)F)(F)F)(F)F,0.42710509,0.0,7.4845153061224465,0.5,0.0,0,0.0,0.0,0.3597,2.5979390014527524,3.491361694
38,C(C(C(C(F)(F)F)(F)F)(F)F)(F)F,0.42810556,0.0,5.07951388888889,1.0769230769230769,0.0,0,0.0,0.0,0.37523,2.4836888323444075,1.505149978
39,C(C(C(C(F)(F)F)(F)F)(F)F)O,0.394277715,0.0,2.556041666666667,1.25,0.0,0,0.0,7.562986111111111,0.33801,2.4541563170800313,-0.259637311
40,C(C(C(C(F)(F)F)F)(F)F)O,0.397771334,0.0,2.159050925925926,1.5454545454545454,0.0,0,0.0,7.637777777777778,0.3478,2.336677127029468,-0.435333936
41,C(C(C(F)(F)Cl)(F)F)(F)Cl,0.41301378,0.0,3.4861111111111116,1.4,23.20187978046503,0,0.0,-4.950231481481482,0.31399,2.419335668049369,0.770852012
42,C(C(C(F)(F)F)(F)F)(C(C(F)(F)F)(F)F)(F)F,0.43155834,0.0,7.258749999999999,0.5882352941176471,0.0,0,0.0,0.0,0.36586,2.569350869783072,3.612783857
43,C(C(C(F)(F)F)(F)F)(C(F)(F)F)(F)F,0.45274427,0.0,6.966249999999999,0.5714285714285714,0.0,0,0.0,0.0,0.39637,2.527928368302267,3.414973348
44,C(C(C(F)(F)F)(F)F)(F)F,0.444128271,0.0,4.70138888888889,1.1,0.0,0,0.0,0.0,0.40148,2.3915447290247545,1.477121255
45,C(C(C(F)(F)F)(F)F)F,0.442388325,0.0,2.697916666666667,1.2222222222222223,0.0,0,0.0,0.0,0.39405,2.346923093476261,1.127104798
46,C(C(C(F)(F)F)(F)F)O,0.402461134,0.0,2.197916666666667,1.3333333333333333,0.0,0,0.0,7.4596527777777775,0.3498,2.338065575561471,-0.326979093
47,C(C(C(F)(F)F)F)(C(C(F)(F)F)(F)F)F,0.43849431,0.0,4.894328703703705,1.1333333333333333,0.0,0,0.0,0.0,0.37426,2.434498175172428,1.230448921
48,C(C(C(F)(F)F)F)F,0.441109306,0.0,1.9965277777777777,1.625,0.0,0,0.0,0.0,0.38883,2.2207402452616885,0.505149978
49,C(C(C(F)F)(F)F)F,0.425993591,0.0,2.300925925925926,1.625,0.0,0,0.0,0.0,0.38625,2.217984105724609,0.819543936
50,C(C(C(F)F)(F)F)O,0.391070215,0.0,1.800925925925926,1.75,0.0,0,0.0,7.5344444444444445,0.34576,2.2032219420493453,-0.59345982
51,C(C(C(F)F)(F)F)OC(F)F,0.41273935,0.0,1.9699074074074074,1.8181818181818181,0.0,0,0.0,0.0,0.38321,2.229595955652151,0.544068044
52,C(C(Cl)(Cl)Cl)(F)(F)Cl,0.40493145,0.0,2.713734567901234,1.0,46.40375956093006,0,0.0,-3.793981481481482,0.26619,2.4416678280245043,1.716003344
53,C(C(Cl)(Cl)Cl)(F)(F)F,0.41366938,0.0,3.145833333333333,1.0,34.802819670697545,0,0.0,0.0,0.26783,2.4232523084086424,1.740362689
54,C(C(Cl)Cl)(F)F,0.41720555,0.0,1.5370370370370374,1.3333333333333333,23.20187978046503,0,0.0,0.0,0.29595,2.105743092835505,0.049218023
55,C(C(F)(Cl)Cl)(Cl)Cl,0.39143845,0.0,1.3927469135802475,1.4285714285714286,46.40375956093006,0,0.0,0.0,0.26726,2.3227439567162347,0.045322979
56,C(C(F)(Cl)Cl)(F)(Cl)Cl,0.40716058,0.0,3.2538580246913575,0.875,46.40375956093006,0,0.0,0.0,0.28124,2.4401539280910565,1.803457116
57,C(C(F)(Cl)Cl)(F)(F)Cl,0.42040364,0.0,3.6859567901234565,1.0,34.802819670697545,0,0.0,-4.22608024691358,0.29286,2.420074565788984,1.968482949
58,C(C(F)(Cl)Cl)(F)(F)F,0.43024014,0.0,3.983024691358024,1.0,23.20187978046503,0,0.0,0.0,0.29392,2.4001745680922943,2.021189299
59,C(C(F)(Cl)Cl)(F)Cl,0.40705172,0.0,2.36496913580247,1.5714285714285714,34.802819670697545,0,0.0,0.0,0.28215,2.3060903387383074,0.491361694
60,C(C(F)(Cl)Cl)F,0.41872573,0.0,1.3649691358024691,1.6666666666666667,23.20187978046503,0,0.0,0.0,0.29288,2.2116500023937586,0.612783857
61,C(C(F)(F)Br)(F)(F)Br,0.39522931,0.0,1.46875,0.875,31.859887795898697,0,31.859887795898697,0.0,0.24622,2.4293941544892226,1.447158031
62,C(C(F)(F)Cl)(Cl)Cl,0.40670093,0.0,1.8248456790123464,1.4285714285714286,34.802819670697545,0,0.0,-3.496913580246913,0.28432,2.294107624265415,-0.045757491
63,C(C(F)(F)Cl)(F)(F)Cl,0.43310363,0.0,3.793981481481481,0.875,23.20187978046503,0,0.0,-9.316358024691358,0.32408,2.3984794817081143,2.276461804
64,C(C(F)(F)Cl)(F)(F)F,0.4565249,0.0,3.550925925925925,1.0,11.600939890232516,0,0.0,-5.090277777777778,0.33644,2.3769544868920596,2.73239376
65,C(C(F)(F)Cl)(F)Cl,0.42559675,0.0,2.797067901234569,1.5714285714285714,23.20187978046503,0,0.0,-3.929012345679012,0.31698,2.2756534976392397,0.602059991
66,C(C(F)(F)F)(C(F)(F)F)(F)F,0.465475764,0.0,6.578125,0.6363636363636364,0.0,0,0.0,0.0,0.42021,2.4636209008745054,3.414973348
67,C(C(F)(F)F)(C(F)(F)F)F,0.46716158,0.0,4.7361111111111125,0.9,0.0,0,0.0,0.0,0.41225,2.348021464027848,1.556302501
68,C(C(F)(F)F)(Cl)Br,0.40330832,0.0,1.9166666666666672,1.5714285714285714,27.530883788181864,0,0.0,0.0,0.25572,2.280558348603273,0.0
69,C(C(F)(F)F)(Cl)Cl,0.42308256,0.0,2.2569444444444455,1.2857142857142858,23.20187978046503,0,0.0,0.0,0.29568,2.264874687592644,0.113943352
70,C(C(F)(F)F)(F)(F)F,0.494092245,0.0,6.0625,0.625,0.0,0,0.0,0.0,0.47485,2.3536590509342967,4.0
71,C(C(F)(F)F)(F)Br,0.41074817,0.0,1.703125,1.4285714285714286,15.929943897949348,0,0.0,-2.88888888888889,0.27328,2.259779584294319,0.462397998
72,C(C(F)(F)F)(F)Cl,0.434961906,0.0,3.229166666666668,1.4285714285714286,11.600939890232516,0,0.0,0.0,0.32506,2.244323380444813,0.770852012
73,C(C(F)(F)F)(F)F,0.466143167,0.0,4.20138888888889,1.1428571428571428,0.0,0,0.0,0.0,0.43772,2.2242350393052033,1.477121255
74,C(C(F)(F)F)(OC(C(C(F)(F)F)(F)F)(F)F)F,0.44524624,0.0,1.798541666666667,1.2941176470588236,0.0,0,0.0,0.0,0.41176,2.479433713454099,1.773786445
75,C(C(F)(F)F)(OC(F)(F)F)F,0.463875284,0.0,2.010416666666667,1.3636363636363635,0.0,0,0.0,0.0,0.44026,2.2920115486571975,1.738780558
76,C(C(F)(F)F)(OC(F)F)F,0.449640889,0.0,2.4895833333333335,1.5,0.0,0,0.0,0.0,0.43354,2.244883970084244,1.149219113
77,C(C(F)(F)F)Br,0.40375793,0.0,0.9166666666666665,1.5,15.929943897949348,0,0.0,-0.9166666666666665,0.27033,2.1561590803414625,0.505149978
78,C(C(F)(F)F)C(F)(F)F,0.475636481,0.0,2.708333333333333,0.8888888888888888,0.0,0,0.0,0.0,0.46237,2.313129926926086,2.328379603
79,C(C(F)(F)F)Cl,0.431566028,0.0,1.2569444444444442,1.5,11.600939890232516,0,0.0,0.0,0.31956,2.1440258012813658,0.662757832
80,C(C(F)(F)F)F,0.465805406,0.0,2.2291666666666665,1.3333333333333333,0.0,0,0.0,0.0,0.42813,2.1289031407741197,1.146128036
81,C(C(F)(F)F)O,0.41202365,0.0,1.7291666666666665,1.5,0.0,0,0.0,7.277777777777778,0.36098,2.1069378396320526,-0.339134522
82,C(C(F)(F)F)OC(C(F)(F)F)(F)F,0.44815765,0.0,2.375,1.3846153846153846,0.0,0,0.0,0.0,0.40703,2.3680746610923844,0.875061263
83,C(C(F)(F)F)OC(C(F)F)(F)F,0.434114265,0.0,2.398472222222222,1.6666666666666667,0.0,0,0.0,0.0,0.40175,2.2668669645357986,0.785329835
84,C(C(F)(F)F)OC(F)(F)F,0.450522174,0.0,2.295138888888889,1.4,0.0,0,0.0,0.0,0.4162,2.2183467897313305,0.875061263
85,C(C(F)(F)F)OC(F)F,0.434837613,0.0,1.898148148148148,1.7777777777777777,0.0,0,0.0,0.0,0.41141,2.1517068552868057,0.740362689
86,C(C(F)(F)F)OC=O,0.41206806,0.0,0.2425694444444444,2.125,0.0,0,0.0,0.0,0.29053,2.1280414329399675,-0.261219442
87,C(C(F)(F)F)OCC(F)(F)F,0.390384198,0.0,1.8685416666666663,1.1818181818181819,0.0,0,0.0,0.0,0.35659,2.183031316869009,-0.454692884
88,C(C(F)Cl)(F)Cl,0.41812027,0.0,2.0771604938271606,1.1666666666666667,23.20187978046503,0,0.0,0.0,0.31375,2.1023337767657364,0.238046103
89,C(C(F)Cl)Cl,0.40263497,0.0,0.12345679012345667,2.0,23.20187978046503,0,0.0,0.0,0.29848,1.9613320319260708,0.056904851
90,C(C(F)F)(C(F)(F)F)F,0.446135934,0.0,3.981481481481482,1.2222222222222223,0.0,0,0.0,0.0,0.39126,2.2652553999485137,1.056904851
91,C(C(F)F)(C(F)F)F,0.425523876,0.0,3.2962962962962967,0.875,0.0,0,0.0,0.0,0.38037,2.1254744476695144,0.505149978
92,C(C(F)F)(F)F,0.44230689,0.0,3.481481481481482,0.8333333333333334,0.0,0,0.0,0.0,0.41552,2.0368252703069194,1.0
93,C(C(F)F)(OC(F)(F)F)F,0.443660829,0.0,2.2824074074074074,1.5,0.0,0,0.0,0.0,0.41983,2.215037457622052,0.954242509
94,C(C(F)F)C(F)(F)F,0.448141575,0.0,2.0069444444444446,1.5,0.0,0,0.0,0.0,0.43359,2.2247375775856493,0.897627091
95,C(C(F)F)F,0.437768714,0.0,1.5277777777777777,1.6,0.0,0,0.0,0.0,0.40601,1.8819472535410462,0.556302501
96,C(C(F)F)O,0.395412296,0.0,1.0277777777777777,1.8,0.0,0,0.0,7.393518518518519,0.35736,1.841268753962773,-0.777283529
97,C(C(F)F)OC(C(F)(F)F)(F)F,0.42061607,0.0,1.9518749999999994,1.6666666666666667,0.0,0,0.0,0.0,0.38777,2.3581729117723733,0.826074803
98,C(C(F)F)OC(C(F)F)(F)F,0.412228567,0.0,1.6970833333333335,1.8181818181818181,0.0,0,0.0,0.0,0.38723,2.2382941242114343,0.77815125
99,C(C(F)F)OC(F)(F)F,0.421283431,0.0,1.59375,1.7777777777777777,0.0,0,0.0,0.0,0.39895,2.1615295288184844,0.826074803
100,C(C(OC(C(F)(F)F)(F)F)(F)F)(F)F,0.44160814,0.0,1.709490740740741,1.3571428571428572,0.0,0,0.0,0.0,0.41661,2.412765912427526,1.397940009
101,C(C(OC(F)(F)F)(F)F)(C(F)(F)F)F,0.45755003,0.0,1.685115740740741,1.3571428571428572,0.0,0,0.0,0.0,0.41088,2.38683358171051,0.230448921
102,C(C=O)C(F)(F)F,0.384324082,0.0,0.16666666666666696,1.8571428571428572,0.0,0,0.0,0.0,0.22868,2.161692622226401,-2.096910013
103,C(CBr)Br,0.36698874,0.0,1.0486111111111112,1.25,31.859887795898697,0,0.0,2.0972222222222223,0.2502,1.8228633887549897,-0.612610174
104,C(CC(F)(F)F)CO,0.383171433,0.0,0.19097222222222232,1.875,0.0,0,0.0,7.929583333333333,0.34344,2.1989192904119004,-1.823908741
105,C(CCl)Cl,0.397082481,0.0,0.5570987654320989,1.25,23.20187978046503,0,0.0,0.0,0.30045,1.745902114921952,-0.647817482
106,C(CF)F,0.435398311,0.0,0.8472222222222223,1.25,0.0,0,0.0,0.0,0.39959,1.6272868033903742,-0.326979093
107,C(CF)O,0.385083898,0.0,0.3472222222222223,2.0,0.0,0,0.0,7.5,0.35533,1.5356876428595294,-1.356547324
108,C(Cl)(Cl)(Cl)Cl,0.40852219,0.0,1.6111111111111107,0.8,46.40375956093006,0,0.0,0.0,0.2469,2.293436919704575,1.505149978
109,C(Cl)(Cl)Cl,0.4066057,0.0,0.7499999999999998,1.0,34.802819670697545,0,0.0,0.0,0.26614,2.0323262923561325,-0.300162274
110,C(Cl)Br,0.38953315,0.0,0.5347222222222223,2.0,27.530883788181864,0,0.0,0.0,0.25797,1.7819022394103068,-0.344861565
111,C(CO)C(C(C(C(C(F)(F)F)(F)F)(F)F)(F)F)(F)F,0.37929881,0.0,1.8231554705215425,1.2105263157894737,0.0,0,0.0,7.9256591317082385,0.30746,2.572780475191237,-1.327902142
112,C(CO)C(F)(F)F,0.390538614,0.0,0.8159722222222223,1.7142857142857142,0.0,0,0.0,7.681875,0.35691,2.1720984329591992,-1.387216143
113,C(CO)C(F)(F)F,0.392805693,0.0,0.8159722222222223,1.7142857142857142,0.0,0,0.0,7.681875,0.34552,2.1720984329591992,-1.387216143
114,C(F)(Cl)(Cl)Cl,0.41484832,0.0,2.583333333333333,1.2,34.802819670697545,0,0.0,0.0,0.26004,2.257291318583605,1.716003344
115,C(F)(Cl)Cl,0.4224273,0.0,1.722222222222222,1.5,23.20187978046503,0,0.0,-1.722222222222222,0.29459,1.9834401692482644,0.230448921
116,C(F)(F)(Br)Br,0.39051257,0.0,1.9583333333333333,1.2,31.859887795898697,0,0.0,0.0,0.22834,2.275763289821472,0.397940009
117,C(F)(F)(Cl)Br,0.41649533,0.0,1.8070987654320987,1.6,27.530883788181864,0,0.0,0.0,0.24998,2.2481204898281186,1.204119983
118,C(F)(F)(Cl)Cl,0.43204057,0.0,3.5555555555555554,1.2,23.20187978046503,0,0.0,0.0,0.29035,2.2189023423628966,2.008600172
119,C(F)(F)(F)Br,0.42967108,0.0,1.375,1.2,15.929943897949348,0,15.929943897949348,-4.1875,0.28013,2.2093247517986883,1.857332496
120,C(F)(F)(F)Cl,0.46668444,0.0,3.530092592592592,1.2,11.600939890232516,0,0.0,0.0,0.34132,2.177851125980908,2.806179974
121,C(F)(F)(F)F,0.552391616,0.0,5.5,0.8,0.0,0,0.0,0.0,0.60756,2.133572220796798,4.698970004
122,C(F)(F)(F)S(F)(F)(F)(F)F,0.48719863,0.0,7.402777777777779,0.8,10.224041259253786,0,0.0,0.0,0.31006,3.040524000294378,2.903089987
123,C(F)(F)Br,0.41649525,0.0,1.9375,1.5,15.929943897949348,0,0.0,-2.354166666666667,0.28107,1.97300433739238,0.69019608
124,C(F)(F)Cl,0.450858998,0.0,2.6944444444444446,1.5,11.600939890232516,0,0.0,0.0,0.33856,1.9294955594395709,1.075546961
125,C(F)(F)F,0.513551347,0.0,3.666666666666667,1.0,0.0,0,0.0,0.0,0.50549,1.8687705323481487,2.357934847
126,C(F)F,0.462914254,0.0,1.75,1.3333333333333333,0.0,0,0.0,0.0,0.44412,1.5571464207992785,0.73239376
127,C(OC(C(F)(F)F)C(F)(F)F)F,0.414008661,0.0,2.1352314814814815,1.3333333333333333,0.0,0,0.0,0.0,0.38006,2.3491925294640965,0.278753601
128,C(OC(C(OC(C(OC(C(OC(F)F)(F)F)(F)F)(F)F)(F)F)(F)F)(F)F)(F)F,0.42209997,0.0,1.478236252834467,0.7142857142857143,0.0,0,9.473725907600098,0.0,0.40549,2.495647850313695,1.42975228
129,C(OC(C(OC(C(OC(F)F)(F)F)(F)F)(F)F)(F)F)(F)F,0.42972064,0.0,1.6733333333333333,0.9047619047619048,0.0,0,0.0,0.0,0.40972,2.4611222815477642,1.42975228
130,C(OC(C(OC(OC(F)F)(F)F)(F)F)(F)F)(F)F,0.44077539,0.0,1.9245833333333335,1.3333333333333333,0.0,0,0.0,0.0,0.42476,2.4133147572490157,1.149219113
131,C(OC(F)(F)F)(F)F,0.47727846,0.0,2.104166666666667,1.5,0.0,0,0.0,0.0,0.47323,2.1875415278349544,2.130333768
132,C(OC(F)F)(F)F,0.46223828,0.0,2.5833333333333335,1.1428571428571428,0.0,0,0.0,0.0,0.46523,2.0159939697881164,1.42975228
133,C=C(C(F)(F)F)C(F)(F)F,0.420570216,12.152040213667764,1.8472222222222223,1.0,0.0,0,0.0,0.0,0.27334,2.3622834817562968,-1.552841969
134,C=C(C(F)(F)F)F,0.395688332,12.405809563016664,2.0347222222222223,1.4285714285714286,0.0,0,0.0,0.0,0.27158,2.2340656070314155,-1.48148606
135,C=C(F)F,0.374979178,12.65957891236556,1.8333333333333333,1.5,0.0,0,0.0,0.0,0.28947,1.8504863671692267,-1.886056648
136,C=CC(C(C(C(C(C(F)(F)F)(F)F)(F)F)(F)F)(F)F)(F)F,0.38933076,12.654955790432378,1.2889668367346934,1.0,0.0,0,0.0,0.0,0.27212,2.597420350813669,-1.602059991
137,C=CC(C(C(C(F)(F)F)(F)F)(F)F)(F)F,0.39444207,12.654955790432378,0.9656249999999997,1.2,0.0,0,0.0,0.0,0.27227,2.5267886205734547,-1.602059991
138,C=CC(C(C(F)(F)F)(F)F)(F)F,0.396643015,12.654955790432378,0.7356249999999998,1.25,0.0,0,0.0,0.0,0.27259,2.461931569416632,-1.602059991
139,C=CC(C(F)(F)F)(F)F,0.400060601,12.654955790432378,0.4375,1.3333333333333333,0.0,0,0.0,0.0,0.27422,2.351343842646831,-1.602059991
140,C=CC(F)(F)F,0.403786882,12.654955790432378,0.0625,1.5,0.0,0,0.0,0.0,0.27809,2.132304000615986,-1.602059991
141,C=CCOC(=O)C(F)(F)F,0.366368943,12.654955790432378,0.41831018518518515,2.4,0.0,0,0.0,0.0,0.24274,2.1543905303486564,-2.522878745
142,C=CF,0.374231874,12.908725139781279,0.25,2.0,0.0,0,0.0,0.0,0.28154,1.4786546255195343,-2.15490196
143,C=COC(=O)C(F)(F)F,0.368239439,12.841016132019288,0.426412037037037,2.111111111111111,0.0,0,0.0,0.0,0.22521,2.1547741129873645,-2.397940009
144,C=COCC(F)(F)F,0.33623079,12.841016132019288,0.7574305555555556,2.125,0.0,0,0.0,0.0,0.26885,2.13414063201187,-2.0
145,CBr,0.38708764,0.0,1.8125,1.5,15.929943897949348,0,0.0,0.0,0.27494,1.4502765948426826,-0.096910013
146,CC(=O)C(F)(F)F,0.385391595,0.0,0.48611111111111116,1.5714285714285714,0.0,1,0.0,0.0,0.22636,2.1378491347288526,-1.853871964
147,CC(C(F)(F)F)(F)F,0.44720753,0.0,0.1875,1.0,0.0,0,0.0,0.0,0.43408,2.335715869759829,1.600972896
148,CC(C)(F)F,0.422796813,0.0,0.8541666666666667,1.2,0.0,0,0.0,0.0,0.41703,2.061002634292418,0.954242509
149,CC(C)Br,0.36951547,0.0,0.6458333333333333,1.5,15.929943897949348,0,0.0,0.0,0.26734,1.8941925491955878,-1.259637311
150,CC(C)Cl,0.39144981,0.0,0.3055555555555556,1.5,11.600939890232516,0,0.0,0.3055555555555556,0.31386,1.842508684556675,-1.22184875
151,CC(CC(F)(F)F)(F)F,0.433993344,0.0,0.23659722222222257,1.3333333333333333,0.0,0,0.0,0.0,0.41863,2.298578732447558,0.949390007
152,CC(Cl)(Cl)Cl,0.39595577,0.0,1.083333333333333,1.2,34.802819670697545,0,6.923737199690624,0.0,0.26298,2.228453532548324,0.698970004
153,CC(F)(F)Cl,0.436173907,0.0,0.6195987654320989,1.6,11.600939890232516,0,0.0,-3.0277777777777777,0.32984,2.1451657400281965,1.255272505
154,CC(F)(F)F,0.482135692,0.0,0.1875,1.2,0.0,0,0.0,0.0,0.48056,2.0983092708752635,1.707570176
155,CC(F)F,0.440398492,0.0,0.8333333333333335,1.5,0.0,0,0.0,0.0,0.43548,1.8213026634537173,0.204119983
156,CCBr,0.37702165,0.0,1.0625,2.0,15.929943897949348,0,0.0,1.0625,0.2721,1.6687770697621314,-0.863279433
157,CCC(=O)C(F)(F)F,0.377949624,0.0,0.46875,1.875,0.0,1,6.923737199690624,0.0,0.22668,2.162928008404423,-1.744727495
158,CCC(F)(F)F,0.450925692,0.0,0.7291666666666665,1.5,0.0,0,0.0,0.0,0.44822,2.169191005234968,0.041392685
159,CCCBr,0.37396719,0.0,1.1319444444444444,2.0,15.929943897949348,0,6.4208216229260096,1.1319444444444444,0.27139,1.7997615625636736,-1.387216143
160,CCCCCl,0.390299252,0.0,0.8159722222222223,2.2,11.600939890232516,0,6.4208216229260096,0.0,0.31668,1.8601210146897886,-1.920818754
161,CCCl,0.400733681,0.0,0.7222222222222223,2.0,11.600939890232516,0,0.0,0.0,0.31872,1.5937454258654642,-0.879426069
162,CCF,0.433784461,0.0,0.25,2.0,0.0,0,6.923737199690624,0.0,0.42342,1.4841043790826154,-0.659555885
163,CCl,0.414108329,0.0,1.4722222222222223,1.5,11.600939890232516,0,6.3829190217349545,0.0,0.32194,1.3381539846067307,-0.045757491
164,CCOC(=O)C(F)(F)F,0.39964439,0.0,0.2516435185185184,2.111111111111111,0.0,0,6.923737199690624,0.0,0.27347,2.152960218873922,-1.22184875
165,CCOC(C(C(C(F)(F)F)(F)F)(F)F)(F)F,0.41007766,0.0,0.7318664965986394,1.375,0.0,0,0.0,0.0,0.37148,2.5271042259875363,-0.096910013
166,CCOC(C(C(F)(F)F)(C(F)(F)F)F)(F)F,0.41554179,0.0,0.695514455782313,1.25,0.0,0,0.0,0.0,0.35809,2.542924836344974,-0.200659451
167,CCOC(C(C(F)(F)F)F)(F)F,0.408771564,0.0,0.6909722222222223,1.8333333333333333,0.0,0,0.0,0.0,0.37146,2.34829570223861,-0.394694954
168,CCOC(C(F)F)(F)F,0.406165483,0.0,0.4193055555555556,2.0,0.0,0,6.923737199690624,0.0,0.3979,2.228002052589522,-0.681936665
169,CCOC(F)(F)F,0.41660236,0.0,0.3159722222222223,1.8571428571428572,0.0,0,6.923737199690624,0.0,0.41302,2.142660857598817,-0.401209493
170,CF,0.467051091,0.0,0.5,1.5,0.0,0,0.0,0.0,0.43841,1.1558472183733948,0.447158031
171,COC(=O)C(F)(F)F,0.407841876,0.0,0.676412037037037,1.875,0.0,0,0.0,0.0,0.27392,2.1469059217841906,0.0
172,COC(C(C(C(F)(F)F)(F)F)(F)F)(F)F,0.41636913,0.0,0.12463860544217686,1.2,0.0,0,0.0,0.0,0.37476,2.525144492478965,0.681241237
173,COC(C(C(F)(F)F)(C(F)(F)F)F)(C(C(F)(F)F)(F)F)F,0.39501384,0.0,0.7029166666666669,0.9523809523809523,0.0,0,0.0,0.0,0.32127,2.6106307015718357,0.719331287
174,COC(C(C(F)(F)F)(C(F)(F)F)F)(F)F,0.42672527,0.0,0.17479166666666668,1.0,0.0,0,0.0,0.0,0.36263,2.5407701046595528,0.681241237
175,COC(C(C(F)(F)F)(F)F)(F)F,0.425652853,0.0,0.055208333333333304,1.25,0.0,0,0.0,0.0,0.39037,2.4594145988550933,0.707570176
176,COC(C(C(F)(F)F)F)(F)F,0.419893223,0.0,0.29000000000000004,1.5454545454545454,0.0,0,0.0,0.0,0.37654,2.343451946216251,0.397940009
177,COC(C(C(F)F)(F)F)(F)F,0.411710977,0.0,0.21854166666666686,1.5454545454545454,0.0,0,0.0,0.0,0.38593,2.3860524407764014,0.397940009
178,COC(C(F)(F)F)(C(F)(F)F)F,0.411462808,0.0,0.012916666666666465,1.0,0.0,0,0.0,0.0,0.37417,2.457558769556039,0.568201724
179,COC(C(F)(F)F)(F)F,0.432078413,0.0,0.2852083333333333,1.3333333333333333,0.0,0,0.0,0.0,0.41061,2.3473096460837644,0.698970004
180,COC(C(F)(F)F)C(F)(F)F,0.387988684,0.0,0.352824074074074,1.1818181818181819,0.0,0,0.0,0.0,0.35212,2.3435570465799165,-0.749579998
181,COC(C(F)Cl)(F)F,0.402516034,0.0,0.6755555555555555,2.0,11.600939890232516,0,0.0,0.0,0.32347,2.23725942265248,0.155336037
182,COC(C(OC(C(OC(C(OC)(F)F)(F)F)(F)F)(F)F)(F)F)(F)F,0.38929453,0.0,0.16929865874265193,0.7083333333333334,0.0,0,0.0,0.0,0.39374,2.48783596196621,0.230448921
183,COC(F)(F)F,0.433571628,0.0,0.5833333333333333,1.5,0.0,0,0.0,0.0,0.42573,2.1258138912958873,0.69019608
184,COCC(C(F)(F)F)(F)F,0.37282148,0.0,0.7774305555555556,1.6,0.0,0,0.0,0.0,0.33713,2.3455477730784615,-1.161150909
185,COCC(C(F)F)(F)F,0.362325373,0.0,0.940763888888889,2.0,0.0,0,0.0,0.0,0.33121,2.216125653823732,-1.148741651
186,COCC(F)(F)F,0.37569168,0.0,1.0074305555555556,1.8571428571428572,0.0,0,0.0,0.0,0.35254,2.1266489125140358,-1.113509275
187,FC(F)(F)C(OC(F)F)C(F)(F)F,0.43157393,0.0,2.3958333333333335,1.1538461538461537,0.0,0,0.0,0.0,0.39668,2.359764691725194,1.348304863
188,FC(F)(OC(F)F)C(F)(F)OC(F)F,0.43449436,0.0,2.1283333333333334,1.0,0.0,0,0.0,0.0,0.42663,2.3815457267345206,1.127104798
189,FC(F)(OC)C(F)(F)OC,0.39352519,0.0,0.4652083333333332,1.1,0.0,0,0.0,0.0,0.39965,2.3409690142228423,0.230448921
190,FC(F)OC,0.416288795,0.0,0.949074074074074,1.8,0.0,0,0.0,0.0,0.4183,1.8682647406258301,0.041392685
191,FS(F)(F)(F)(F)F,0.536314379,0.0,9.847222222222221,0.5714285714285714,10.609995880123824,0,0.0,0.0,0.33848,2.988726151981254,3.505149978
192,N(F)(F)F,0.484370715,0.0,2.5,1.0,0.0,0,0.0,0.0,0.3711,1.822973645534352,2.755112266
193,O=COC(F)(F)C(F)(F)F,0.420344907,0.0,0.9647916666666676,1.6,0.0,0,0.0,0.0,0.27934,2.3488684402712883,0.556302501
194,O=S(=O)(F)F,0.482147797,0.0,5.666666666666666,1.2,0.0,0,0.0,0.0,0.33379,1.8533340229937307,1.556302501
195,OCCF,0.385074629,0.0,0.3472222222222223,2.0,0.0,0,0.0,7.5,0.35533,1.535687642859531,-1.356547324
