index,SMILE,fr_methoxy,EState_VSA2,PEOE_VSA1,SMR_VSA6,Chi3n,MinPartialCharge,SlogP_VSA2,MinAbsPartialCharge,Chi4n,Chi4v,GWP
0,C(C(F)(F)F)(C(F)(F)F)O,0,0.0,5.106527394840706,0.0,0.6200968572385485,-0.3765619053384419,23.56309081747596,0.3765619053384419,0.1855768722395226,0.1855768722395226,2.31386722
1,C(=C/F)\C(C(F)(F)F)(C(F)(F)F)F,0,0.0,0.0,0.0,1.1177407287330325,-0.21875844090328136,18.02135685363263,0.21875844090328136,0.4365001248632943,0.4365001248632943,0.914871818
2,C(C(C(F)(F)F)(F)F)(Cl)Cl,0,0.0,0.0,0.0,0.6520152968491693,-0.19318146567143005,16.935097375788107,0.19318146567143005,0.12371791482634839,0.3711537444790452,2.136720567
3,C(C(F)(F)Cl)(F)F,0,0.0,0.0,0.0,0.24743582965269678,-0.2019924681966373,11.807155734998098,0.2019924681966373,0.0,0.0,3.315970345
4,C(C(F)(F)F)(OC(F)F)Cl,0,0.0,0.0,0.0,0.47969326748862984,-0.29354423837879684,18.350951813682208,0.29354423837879684,0.16746691453639692,0.24522849367237085,2.731588765
5,C(C(OC(F)F)(F)F)(F)Cl,0,0.0,0.0,0.0,0.5002598434248662,-0.25447272008479,18.350951813682208,0.25447272008479,0.17021240294487536,0.22164685293223932,2.815577748
6,C(C(OC(OC(F)(F)F)(F)F)(F)F)(C(F)(F)F)(OC(F)(F)F)F,0,0.0,0.0,0.0,1.4768642817540638,-0.23800782309299984,37.159075756786706,0.23800782309299984,0.812172774987153,0.812172774987153,4.012837225
7,C(Cl)Cl,0,5.33918526701467,0.0,5.33918526701467,0.0,-0.10913232990050524,5.33918526701467,0.09670639037649198,0.0,0.0,1.049218023
8,C(CO)C(C(C(C(C(C(C(F)(F)F)(F)F)(F)F)(F)F)(F)F)(F)F)(F)F,0,0.0,5.106527394840706,6.606881964512918,2.81853277420478,-0.39614042090829676,53.42488288536456,0.39614042090829676,1.296612122894364,1.296612122894364,-0.347753659
9,C(F)Cl,0,0.0,0.0,6.133772794319238,0.0,-0.23364725235230419,6.133772794319238,0.16289509380489306,0.0,0.0,1.899820502
10,C(OC(OC(F)F)(F)F)(F)F,0,0.0,0.0,0.0,0.45257336741483695,-0.232108811196624,19.517660024160598,0.232108811196624,0.23520408046340333,0.23520408046340333,3.782472624
11,CC(F)(Cl)Cl,0,0.0,0.0,0.0,0.0,-0.2084810996624261,4.587123462834338,0.2084810996624261,0.0,0.0,2.934498451
12,C(#N)C(C(F)(F)F)(C(F)(F)F)F,0,0.0,0.0,0.0,0.9352935354109702,-0.2065484826463138,18.02135685363263,0.2065484826463138,0.28748742392356313,0.28748742392356313,3.439332694
13,C(=C(/C(F)(F)F)\F)(\C(F)(F)F)/F,0,0.0,0.0,0.0,0.6904644730092271,-0.1984873246943009,12.35259703488695,0.1984873246943009,0.2488795345213173,0.2488795345213173,0.294466226
14,C(=C(/C(F)(F)F)\F)\F,0,0.0,0.0,0.0,0.36660005232096565,-0.2123306708300582,6.176298517443475,0.2123306708300582,0.06185895741317419,0.06185895741317419,-0.463441557
15,C(=C(/F)\Cl)(\F)/Cl,0,0.0,0.0,0.0,0.14285714285714282,-0.18921963719657012,0.0,0.18921963719657012,0.0,0.0,-0.899629455
16,C(=C(\C(F)(F)F)/F)\F,0,0.0,0.0,0.0,0.36660005232096565,-0.2123306708300582,6.176298517443475,0.2123306708300582,0.06185895741317419,0.06185895741317419,-0.928117993
17,C(=C(Cl)Cl)(Cl)Cl,0,8.982936348315855,0.0,0.0,0.14285714285714282,-0.06822089663600672,0.0,0.06822089663600672,0.0,0.0,0.802089258
18,C(=C(Cl)Cl)(F)F,0,0.0,0.0,0.0,0.14285714285714282,-0.17065329833011306,0.0,0.17065329833011306,0.0,0.0,-1.677780705
19,C(=C(Cl)Cl)Cl,0,4.491468174157927,0.0,0.0,0.08247860988423225,-0.0903590844896965,0.0,0.0903590844896965,0.0,0.0,-1.356547324
20,C(=C(F)F)(C(=C(F)F)F)F,0,0.0,0.0,0.0,0.524544783328349,-0.19754887657137363,0.0,0.19754887657137363,0.1659196896808782,0.1659196896808782,-2.397940009
21,C(=C(F)F)(C(C(F)(F)F)(F)F)F,0,0.0,0.0,0.0,0.7976073301520842,-0.19873053259141205,12.098827685538051,0.19873053259141205,0.24311389781538345,0.24311389781538345,-1.045757491
22,C(=C(F)F)(C(C(F)(F)F)(F)F)F,0,0.0,0.0,0.0,0.7976073301520842,-0.19873053259141205,12.098827685538051,0.19873053259141205,0.24311389781538345,0.24311389781538345,-0.991399828
23,C(=C(F)F)(C(F)(F)F)F,0,0.0,0.0,0.0,0.4147992242021955,-0.19573757180923523,6.176298517443475,0.19573757180923523,0.10714285714285711,0.10714285714285711,-1.045757491
24,C(=C(F)F)(F)F,0,0.0,0.0,0.0,0.14285714285714282,-0.16722513020004043,0.0,0.16722513020004043,0.0,0.0,-2.397940009
25,C(=C(F)F)(OC(F)(F)F)F,0,0.0,4.736862953800049,0.0,0.35391463267969214,-0.3743489909759737,6.362358859030383,0.3743489909759737,0.14018048199029276,0.14018048199029276,-2.0
26,C(=C(F)F)F,0,0.0,0.0,0.0,0.08247860988423225,-0.2096537393211083,0.0,0.2096537393211083,0.0,0.0,-2.301029996
27,C(=C/Cl)\C(F)(F)F,0,6.076020106833881,0.0,0.0,0.25197631533948484,-0.16672323335081776,6.176298517443475,0.16672323335081776,0.07142857142857142,0.2142857142857143,0.588831726
28,C(=C/Cl)\F,0,6.32978945618278,0.0,0.0,0.047619047619047616,-0.21457948336204735,0.0,0.0979330892649945,0.0,0.0,-2.397940009
29,C(=C/F)\C(F)(F)F,0,0.0,0.0,0.0,0.25197631533948484,-0.2155433616748321,6.176298517443475,0.2155433616748321,0.07142857142857142,0.07142857142857142,0.136720567
30,C(=C\C(F)(F)F)\C(F)(F)F,0,0.0,0.0,0.0,0.46129780634256073,-0.16676757809424983,12.35259703488695,0.16676757809424983,0.1889822365046136,0.1889822365046136,0.318063335
31,C(=C\F)\C(F)(F)F,0,0.0,0.0,0.0,0.25197631533948484,-0.2155433616748321,6.176298517443475,0.2155433616748321,0.07142857142857142,0.07142857142857142,-0.501689446
32,C(=CC(F)(F)F)C(F)(F)F,0,0.0,0.0,0.0,0.46129780634256073,-0.16676757809424983,12.35259703488695,0.16676757809424983,0.1889822365046136,0.1889822365046136,1.252853031
33,C(=CCl)C(F)(F)F,0,6.076020106833881,0.0,0.0,0.25197631533948484,-0.16672323335081776,6.176298517443475,0.16672323335081776,0.07142857142857142,0.2142857142857143,-0.342944147
34,C(=O)(C(C(F)(F)F)(C(F)(F)F)F)C(C(F)(F)F)(F)F,0,0.0,0.0,0.0,1.7353121142377081,-0.2880536632641491,35.90342948553562,0.2880536632641491,0.7632387540189987,0.7632387540189987,-0.943095149
35,C(Br)(Br)Br,0,2.6457101185676493,0.0,0.0,0.0,-0.06371690512631244,2.6457101185676493,0.06371690512631244,0.0,0.0,-0.602059991
36,C(Br)Br,0,0.0,0.0,4.239357671196846,0.0,-0.08024865081729037,4.239357671196846,0.05878888811867264,0.0,0.0,0.178976947
37,C(C(C(C(F)(F)F)(F)F)(F)F)(C(C(F)(F)F)(F)F)(F)F,0,0.0,0.0,0.0,1.8950629214136196,-0.19210315101369407,36.04271370726526,0.19210315101369407,0.7503617710259314,0.7503617710259314,3.935507266
38,C(C(C(C(F)(F)F)(F)F)(F)F)(F)F,0,0.0,0.0,0.0,1.048714546426784,-0.20328785426485033,24.446801598491817,0.20328785426485033,0.32600764842458463,0.32600764842458463,3.460897843
39,C(C(C(C(F)(F)F)(F)F)(F)F)O,0,0.0,5.106527394840706,6.606881964512918,1.0139694238158035,-0.38985275170457306,29.73476621298625,0.38985275170457306,0.3066557240788406,0.3066557240788406,1.562292864
40,C(C(C(C(F)(F)F)F)(F)F)O,0,0.0,5.106527394840706,6.606881964512918,0.8689925889535499,-0.3899910801145583,29.983912440401966,0.3899910801145583,0.3195922517237989,0.3195922517237989,1.484299839
41,C(C(C(F)(F)Cl)(F)F)(F)Cl,0,0.0,0.0,0.0,0.6520152968491693,-0.2228672704969095,16.935097375788107,0.2228672704969095,0.12371791482634839,0.4123930494211613,2.754348336
42,C(C(C(F)(F)F)(F)F)(C(C(F)(F)F)(F)F)(F)F,0,0.0,0.0,0.0,1.5007235420518628,-0.1919601604698603,30.12018453917068,0.1919601604698603,0.5531920813450527,0.5531920813450527,3.964730921
43,C(C(C(F)(F)F)(F)F)(C(F)(F)F)(F)F,0,0.0,0.0,0.0,1.1063841626901054,-0.18880756966325,24.197655371076102,0.18880756966325,0.35602239166417443,0.35602239166417443,4.0
44,C(C(C(F)(F)F)(F)F)(F)F,0,0.0,0.0,0.0,0.6520152968491693,-0.2031484303687869,18.524272430397243,0.2031484303687869,0.12371791482634839,0.12371791482634839,3.474216264
45,C(C(C(F)(F)F)(F)F)F,0,0.0,0.0,6.674590972274908,0.5825622106533596,-0.24407711579200675,18.773418657812957,0.24407711579200675,0.07576144084141578,0.07576144084141578,3.130333768
46,C(C(C(F)(F)F)(F)F)O,0,0.0,5.106527394840706,6.606881964512918,0.6133114481576812,-0.38972612028425446,23.812237044891674,0.38972612028425446,0.08964214570007951,0.08964214570007951,1.53529412
47,C(C(C(F)(F)F)F)(C(C(F)(F)F)(F)F)F,0,0.0,0.0,0.0,1.2939443953621006,-0.23677759647796628,30.618476994002112,0.23677759647796628,0.5060465978843802,0.5060465978843802,3.204119983
48,C(C(C(F)(F)F)F)F,0,0.0,0.0,6.674590972274908,0.4906457991025126,-0.24752330382550355,19.022564885228675,0.24752330382550355,0.08748177652797065,0.08748177652797065,2.511883361
49,C(C(C(F)F)(F)F)F,0,0.0,0.0,6.674590972274908,0.49742749916682344,-0.24423139903187885,19.022564885228675,0.24423139903187885,0.05832118435198043,0.05832118435198043,2.895974732
50,C(C(C(F)F)(F)F)O,0,0.0,5.106527394840706,6.606881964512918,0.5300705235815235,-0.3898749005888983,24.06138327230739,0.3293870723971217,0.06900655593423542,0.06900655593423542,1.158362492
51,C(C(C(F)F)(F)F)OC(F)F,0,0.0,4.736862953800049,6.606881964512918,0.7210243391849618,-0.31638582177832664,25.566360963912786,0.31638582177832664,0.23709475893708243,0.23709475893708243,2.684845362
52,C(C(Cl)(Cl)Cl)(F)(F)Cl,0,0.0,0.0,0.0,0.32142857142857134,-0.18316506171239244,9.174246925668676,0.18316506171239244,0.0,0.0,3.550228353
53,C(C(Cl)(Cl)Cl)(F)(F)F,0,0.0,0.0,0.0,0.32142857142857134,-0.1663811571479959,9.968834452973246,0.1663811571479959,0.0,0.0,3.59439255
54,C(C(Cl)Cl)(F)F,0,0.0,0.0,0.0,0.19047619047619047,-0.20740518153243326,11.261714435109246,0.20740518153243326,0.0,0.0,1.847572659
55,C(C(F)(Cl)Cl)(Cl)Cl,0,0.0,0.0,0.0,0.24743582965269678,-0.20497860044433855,9.423393153084394,0.20497860044433855,0.0,0.0,1.765668555
56,C(C(F)(Cl)Cl)(F)(Cl)Cl,0,0.0,0.0,0.0,0.32142857142857134,-0.20133238065179046,9.174246925668676,0.20133238065179046,0.0,0.0,3.664641976
57,C(C(F)(Cl)Cl)(F)(F)Cl,0,0.0,0.0,0.0,0.32142857142857134,-0.19948948791832122,9.968834452973244,0.19948948791832122,0.0,0.0,3.814247596
58,C(C(F)(Cl)Cl)(F)(F)F,0,0.0,0.0,0.0,0.32142857142857134,-0.19752325294116724,10.763421980277812,0.19752325294116724,0.0,0.0,3.870403905
59,C(C(F)(Cl)Cl)(F)Cl,0,0.0,0.0,0.0,0.24743582965269678,-0.22343516312045322,10.217980680388962,0.22343516312045322,0.0,0.0,2.389166084
60,C(C(F)(Cl)Cl)F,0,0.0,0.0,6.674590972274908,0.15152288168283157,-0.24470399391618006,11.261714435109246,0.24470399391618006,0.0,0.0,2.534026106
61,C(C(F)(F)Br)(F)(F)Br,0,0.0,0.0,0.0,0.32142857142857134,-0.18560241483439555,9.663594384459989,0.18560241483439555,0.0,0.0,3.336459734
62,C(C(F)(F)Cl)(Cl)Cl,0,0.0,0.0,0.0,0.24743582965269678,-0.18503779165457987,10.217980680388962,0.18503779165457987,0.0,0.0,1.751279104
63,C(C(F)(F)Cl)(F)(F)Cl,0,0.0,0.0,0.0,0.32142857142857134,-0.17946189757442443,10.763421980277812,0.17946189757442443,0.0,0.0,3.974511693
64,C(C(F)(F)Cl)(F)(F)F,0,0.0,0.0,0.0,0.32142857142857134,-0.17746371261313834,11.55800950758238,0.17746371261313834,0.0,0.0,3.982271233
65,C(C(F)(F)Cl)(F)Cl,0,0.0,0.0,0.0,0.24743582965269678,-0.22164804560577991,11.01256820769353,0.22164804560577991,0.0,0.0,2.596597096
66,C(C(F)(F)F)(C(F)(F)F)(F)F,0,0.0,0.0,0.0,0.7120447833283489,-0.18606141550217656,18.275126202981525,0.18606141550217656,0.16071428571428567,0.16071428571428567,3.968015714
67,C(C(F)(F)F)(C(F)(F)F)F,0,0.0,0.0,0.0,0.5747626650066854,-0.22720822226482168,18.524272430397243,0.22720822226482168,0.1855768722395226,0.1855768722395226,3.556302501
68,C(C(F)(F)F)(Cl)Br,0,0.0,0.0,0.0,0.24743582965269678,-0.16838743541161363,10.462654409784617,0.16838743541161363,0.0,0.0,1.653212514
69,C(C(F)(F)F)(Cl)Cl,0,0.0,0.0,0.0,0.24743582965269678,-0.1680013943449183,11.01256820769353,0.1680013943449183,0.0,0.0,1.95616843
70,C(C(F)(F)F)(F)(F)F,0,0.0,0.0,0.0,0.32142857142857134,-0.16247224502605678,12.35259703488695,0.16247224502605678,0.0,0.0,4.093421685
71,C(C(F)(F)F)(F)Br,0,0.0,0.0,0.0,0.24743582965269678,-0.22483498851692799,11.257241937089187,0.22483498851692799,0.0,0.0,2.303196057
72,C(C(F)(F)F)(F)Cl,0,0.0,0.0,0.0,0.24743582965269678,-0.21974300835742627,11.807155734998098,0.21974300835742627,0.0,0.0,2.775974331
73,C(C(F)(F)F)(F)F,0,0.0,0.0,0.0,0.24743582965269678,-0.20005386012180168,12.601743262302666,0.20005386012180168,0.0,0.0,3.572871602
74,C(C(F)(F)F)(OC(C(C(F)(F)F)(F)F)(F)F)F,0,0.0,0.0,0.0,1.2303836509991841,-0.27171265211865553,30.74145144976021,0.27171265211865553,0.4357780912375439,0.4357780912375439,3.821513528
75,C(C(F)(F)F)(OC(F)(F)F)F,0,0.0,0.0,0.0,0.49444826215638926,-0.24743252575858637,18.896393113571058,0.24743252575858637,0.18413824818382274,0.18413824818382274,3.876217841
76,C(C(F)(F)F)(OC(F)F)F,0,0.0,0.0,0.0,0.47969326748862984,-0.2794569037876448,19.145539340986776,0.2794569037876448,0.16746691453639692,0.16746691453639692,3.413299764
77,C(C(F)(F)F)Br,0,0.0,0.0,5.330089647061427,0.15152288168283157,-0.17016544196179476,11.506388164504902,0.17016544196179476,0.0,0.0,2.247973266
78,C(C(F)(F)F)C(F)(F)F,0,0.0,0.0,0.0,0.4008918628686365,-0.17076985389678118,12.35259703488695,0.17076985389678118,0.2272843225242474,0.2272843225242474,3.939019776
79,C(C(F)(F)F)Cl,0,0.0,0.0,5.880003444970339,0.15152288168283157,-0.1697334921102328,12.056301962413814,0.1697334921102328,0.0,0.0,2.588831726
80,C(C(F)(F)F)F,0,0.0,0.0,6.674590972274908,0.15152288168283157,-0.24112655579497494,12.850889489718384,0.24112655579497494,0.0,0.0,3.184691431
81,C(C(F)(F)F)O,0,0.0,5.106527394840706,6.606881964512918,0.17928429140015903,-0.38694577075923503,17.889707876797097,0.38694577075923503,0.0,0.0,1.552668216
82,C(C(F)(F)F)OC(C(F)(F)F)(F)F,0,0.0,4.736862953800049,6.606881964512918,0.74712315684968,-0.3036626424050345,25.068068509081353,0.3036626424050345,0.254302282060344,0.254302282060344,3.017033339
83,C(C(F)(F)F)OC(C(F)F)(F)F,0,0.0,4.736862953800049,6.606881964512918,0.6823187801829664,-0.30640043010911366,25.31721473649707,0.30640043010911366,0.24104692689903312,0.24104692689903312,2.991226076
84,C(C(F)(F)F)OC(F)(F)F,0,0.0,0.0,6.606881964512918,0.3994956190026918,-0.2823571672562909,19.145539340986776,0.2823571672562909,0.1636634176769943,0.1636634176769943,3.041392685
85,C(C(F)(F)F)OC(F)F,0,0.0,4.736862953800049,6.606881964512918,0.37298490868007006,-0.3134129402883151,19.394685568402494,0.3134129402883151,0.157485197087178,0.157485197087178,2.943494516
86,C(C(F)(F)F)OC=O,0,6.472220864716464,4.736862953800049,6.606881964512918,0.3150381327543048,-0.45824023043308826,19.255401346672855,0.4221728098798466,0.1285118091242954,0.1285118091242954,1.738780558
87,C(C(F)(F)F)OCC(F)(F)F,0,0.0,4.736862953800049,13.213763929025836,0.5314509805859201,-0.36262098617806054,25.566360963912786,0.36262098617806054,0.2824860612511207,0.2824860612511207,1.387389826
88,C(C(F)Cl)(F)Cl,0,0.0,0.0,0.0,0.19047619047619047,-0.2252881898271995,11.261714435109248,0.21775979934933204,0.0,0.0,2.086359831
89,C(C(F)Cl)Cl,0,5.880003444970339,0.0,5.880003444970339,0.11664236870396086,-0.22866993322798532,11.510860662524962,0.18642508417303855,0.0,0.0,1.668385917
90,C(C(F)F)(C(F)(F)F)F,0,0.0,0.0,0.0,0.5339264042387997,-0.2310209289092342,18.773418657812957,0.2310209289092342,0.14285714285714285,0.14285714285714285,3.176091259
91,C(C(F)F)(C(F)F)F,0,0.0,0.0,0.0,0.4814333774575137,-0.23479690385367372,19.022564885228675,0.23479690385367372,0.10997147984564301,0.10997147984564301,2.40654018
92,C(C(F)F)(F)F,0,0.0,0.0,0.0,0.19047619047619047,-0.20394320407041397,12.850889489718382,0.20394320407041397,0.0,0.0,3.100370545
93,C(C(F)F)(OC(F)(F)F)F,0,0.0,0.0,0.0,0.44432253823175,-0.25077223887389954,19.145539340986776,0.25077223887389954,0.17909375219602047,0.17909375219602047,3.100370545
94,C(C(F)F)C(F)(F)F,0,0.0,0.0,0.0,0.38575837490522974,-0.21015441965629553,12.601743262302666,0.21015441965629553,0.17496355305594127,0.17496355305594127,2.983175072
95,C(C(F)F)F,0,0.0,0.0,6.674590972274908,0.11664236870396086,-0.24483002165672452,13.100035717134098,0.24483002165672452,0.0,0.0,2.561101384
96,C(C(F)F)O,0,0.0,5.106527394840706,6.606881964512918,0.13801311186847084,-0.3904449746090942,18.138854104212815,0.26080596330791833,0.0,0.0,0.790988475
97,C(C(F)F)OC(C(F)(F)F)(F)F,0,0.0,4.736862953800049,6.606881964512918,0.7206124465270582,-0.30721232751595834,25.317214736497068,0.30721232751595834,0.2494865331749062,0.2494865331749062,2.983626287
98,C(C(F)F)OC(C(F)F)(F)F,0,0.0,4.736862953800049,6.606881964512918,0.6558080698603447,-0.30995018579987615,25.566360963912786,0.30995018579987615,0.23709475893708243,0.23709475893708243,2.919601024
99,C(C(F)F)OC(F)(F)F,0,0.0,0.0,6.606881964512918,0.37298490868007006,-0.2859068197344507,19.394685568402494,0.2859068197344507,0.157485197087178,0.157485197087178,2.970346876
100,C(C(OC(C(F)(F)F)(F)F)(F)F)(F)F,0,0.0,0.0,0.0,0.8483174785321762,-0.2432746839973464,24.818922281665632,0.2432746839973464,0.27331064126520216,0.27331064126520216,3.57634135
101,C(C(OC(F)(F)F)(F)F)(C(F)(F)F)F,0,0.0,0.0,0.0,0.8342427454746815,-0.22755790904302223,24.818922281665635,0.22755790904302223,0.39656486501933946,0.39656486501933946,3.64246452
102,C(C=O)C(F)(F)F,0,6.286160523129555,4.794537184071822,0.0,0.31478835827647117,-0.3030363718696864,12.46245904057303,0.3030363718696864,0.09449111825230681,0.09449111825230681,-1.602059991
103,C(CBr)Br,0,0.0,0.0,10.660179294122853,0.07142857142857141,-0.09190389857679508,10.660179294122853,0.012858597828711611,0.0,0.0,0.008600172
104,C(CC(F)(F)F)CO,0,13.027703587438928,5.106527394840706,6.606881964512918,0.6183639330619761,-0.39637068959195343,17.889707876797097,0.3887092894948046,0.27950287293852766,0.27950287293852766,-1.30980392
105,C(CCl)Cl,0,0.0,0.0,11.760006889940678,0.07142857142857141,-0.12542343074881615,11.760006889940678,0.035889203448099614,0.0,0.0,0.113943352
106,C(CF)F,0,0.0,0.0,13.349181944549816,0.07142857142857141,-0.24823404062243565,13.349181944549816,0.11774433594500015,0.0,0.0,1.33243846
107,C(CF)O,0,6.606881964512918,5.106527394840706,13.281472936787825,0.08451542547285164,-0.39366054126169014,18.388000331628533,0.11246039712919563,0.0,0.0,-0.27572413
108,C(Cl)(Cl)(Cl)Cl,0,0.0,0.0,0.0,0.0,-0.06642130282188381,3.2517177575741014,0.06642130282188381,0.0,0.0,3.342422681
109,C(Cl)(Cl)Cl,0,0.0,0.0,0.0,0.0,-0.08741152777904436,4.2954515122943855,0.08741152777904436,0.0,0.0,1.31386722
110,C(Cl)Br,0,0.0,0.0,4.789271469105758,0.0,-0.1141985641082697,4.789271469105758,0.0777631430150728,0.0,0.0,0.675778342
111,C(CO)C(C(C(C(C(F)(F)F)(F)F)(F)F)(F)F)(F)F,0,0.0,5.106527394840706,6.606881964512918,2.0298540154812716,-0.39614042090808943,41.579824549175406,0.39614042090808943,0.9022727435326092,0.9022727435326092,-0.273272791
112,C(CO)C(F)(F)F,0,0.0,5.106527394840706,6.606881964512918,0.3952767536319098,-0.39602739880153726,17.889707876797097,0.3908036270303192,0.12677313820927744,0.12677313820927744,-0.207608311
113,C(CO)C(F)(F)F,0,0.0,5.106527394840706,6.606881964512918,0.3952767536319098,-0.39602739880153726,17.889707876797097,0.3908036270303192,0.12677313820927744,0.12677313820927744,-0.207608311
114,C(F)(Cl)(Cl)Cl,0,0.0,0.0,0.0,0.0,-0.1891693418719329,4.046305284878669,0.1891693418719329,0.0,0.0,3.794488047
115,C(F)(Cl)Cl,0,0.0,0.0,0.0,0.0,-0.21187755147036705,5.090039039598953,0.21187755147036705,0.0,0.0,2.204119983
116,C(F)(F)(Br)Br,0,0.0,0.0,0.0,0.0,-0.18149493573976552,3.7410652163654134,0.18149493573976552,0.0,0.0,2.334453751
117,C(F)(F)(Cl)Br,0,0.0,0.0,0.0,0.0,-0.17658052877628858,4.290979014274326,0.17658052877628858,0.0,0.0,3.285557309
118,C(F)(F)(Cl)Cl,0,0.0,0.0,0.0,0.0,-0.171534140181979,4.840892812183238,0.171534140181979,0.0,0.0,4.096910013
119,C(F)(F)(F)Br,0,0.0,0.0,0.0,0.0,-0.16004778882170304,5.085566541578894,0.16004778882170304,0.0,0.0,3.857332496
120,C(F)(F)(F)Cl,0,0.0,0.0,0.0,0.0,-0.15568093590946064,5.635480339487805,0.15568093590946064,0.0,0.0,4.209515015
121,C(F)(F)(F)F,0,0.0,0.0,0.0,0.0,-0.1398591211178809,6.430067866792373,0.1398591211178809,0.0,0.0,3.868056362
122,C(F)(F)(F)S(F)(F)(F)(F)F,0,0.0,0.0,0.0,0.43740888263985317,-0.15332557143953182,5.508330501264255,0.15332557143953182,0.0,0.0,4.267171728
123,C(F)(F)Br,0,0.0,0.0,0.0,0.0,-0.19746996205193992,5.33471276899461,0.19746996205193992,0.0,0.0,2.579783597
124,C(F)(F)Cl,0,0.0,0.0,0.0,0.0,-0.1919545254547639,5.884626566903522,0.1919545254547639,0.0,0.0,3.292256071
125,C(F)(F)F,0,0.0,0.0,0.0,0.0,-0.1742238461437192,6.679214094208089,0.1742238461437192,0.0,0.0,4.164352856
126,C(F)F,0,0.0,0.0,6.928360321623806,0.0,-0.21418589178897088,6.928360321623806,0.21418589178897088,0.0,0.0,2.887054378
127,C(OC(C(F)(F)F)C(F)(F)F)F,0,0.0,4.736862953800049,6.860651313861816,0.8242488227679513,-0.32888993823636115,25.317214736497068,0.32888993823636115,0.4375531875790075,0.4375531875790075,2.290034611
128,C(OC(C(OC(C(OC(C(OC(F)F)(F)F)(F)F)(F)F)(F)F)(F)F)(F)F)(F)F,0,0.0,0.0,0.0,2.003411776361477,-0.2507135316854092,49.874547230981115,0.2507135316854092,0.9205871279171743,0.9205871279171743,3.728353782
129,C(OC(C(OC(C(OC(F)F)(F)F)(F)F)(F)F)(F)F)(F)F,0,0.0,0.0,0.0,1.4082191942975182,-0.2507135316854157,37.65736821161814,0.2507135316854157,0.640780408782444,0.640780408782444,3.758154622
130,C(OC(C(OC(OC(F)F)(F)F)(F)F)(F)F)(F)F,0,0.0,0.0,0.0,1.04921462250389,-0.2507124626503053,31.734839043523564,0.2507124626503053,0.5168928228000327,0.5168928228000327,3.507855872
131,C(OC(F)(F)F)(F)F,0,0.0,0.0,0.0,0.22271770159368703,-0.2283020995216621,12.973863945476484,0.2283020995216621,0.1010152544552211,0.1010152544552211,4.155336037
132,C(OC(F)F)(F)F,0,0.0,0.0,0.0,0.20573779994945596,-0.26041973858131406,13.223010172892202,0.26041973858131406,0.07776157913597392,0.07776157913597392,3.821513528
133,C=C(C(F)(F)F)C(F)(F)F,0,0.0,0.0,0.0,0.6843652176255568,-0.1660982180526413,12.35259703488695,0.1660982180526413,0.16071428571428567,0.16071428571428567,-0.42365865
134,C=C(C(F)(F)F)F,0,0.0,0.0,0.0,0.30758878857717536,-0.20246122055826105,6.176298517443475,0.20246122055826105,0.0,0.0,-0.300162274
135,C=C(F)F,0,0.0,0.0,0.0,0.0,-0.1741045340758478,0.0,0.1741045340758478,0.0,0.0,-1.283996656
136,C=CC(C(C(C(C(C(F)(F)F)(F)F)(F)F)(F)F)(F)F)(F)F,0,0.0,0.0,0.0,2.2140319422036505,-0.1947838316472925,35.78894435791636,0.1947838316472925,0.9098462814209476,0.9098462814209476,-0.790484985
137,C=CC(C(C(C(F)(F)F)(F)F)(F)F)(F)F,0,0.0,0.0,0.0,1.4253531834801383,-0.1947809373273808,23.943886021727202,0.1947809373273808,0.5155069020591905,0.5155069020591905,-0.690369833
138,C=CC(C(C(F)(F)F)(F)F)(F)F,0,0.0,0.0,0.0,1.031013804118381,-0.19464000151010688,18.02135685363263,0.19464000151010688,0.31715727727038306,0.31715727727038306,-0.628932138
139,C=CC(C(F)(F)F)(F)F,0,0.0,0.0,0.0,0.6343145545407661,-0.1915196870319064,12.098827685538051,0.1915196870319064,0.11572751247156891,0.11572751247156891,-0.739928612
140,C=CC(F)(F)F,0,6.076020106833881,0.0,0.0,0.23145502494313783,-0.16678618969228537,6.176298517443475,0.16678618969228537,0.0,0.0,-0.583359493
141,C=CCOC(=O)C(F)(F)F,0,0.0,4.736862953800049,6.606881964512918,0.5637338372218113,-0.45481711055845087,18.75248576990824,0.45481711055845087,0.21644463147603135,0.21644463147603135,-2.15490196
142,C=CF,0,6.32978945618278,0.0,0.0,0.0,-0.21619321450998513,0.0,0.07946646029724827,0.0,0.0,-1.619788758
143,C=COC(=O)C(F)(F)F,0,0.0,4.736862953800049,0.0,0.4218264458078189,-0.4284677990075014,12.145603805395325,0.4284677990075014,0.1425026680167614,0.1425026680167614,-2.096910013
144,C=COCC(F)(F)F,0,0.0,4.736862953800049,6.606881964512918,0.36484788120808553,-0.4923497246167155,12.783180481956393,0.4220300247339864,0.15341668335118577,0.15341668335118577,-1.236572006
145,CBr,0,0.0,0.0,5.833005223826043,0.0,-0.09655150767721922,5.833005223826043,0.0084787831631398,0.0,0.0,0.385606274
146,CC(=O)C(F)(F)F,0,0.0,0.0,0.0,0.39920086722848924,-0.28991075148720075,11.959543463808414,0.28991075148720075,0.0,0.0,-1.045757491
147,CC(C(F)(F)F)(F)F,0,6.923737199690624,0.0,0.0,0.49775906904263456,-0.19673174712821836,12.098827685538051,0.19673174712821836,0.0,0.0,3.658011397
148,CC(C)(F)F,0,0.0,0.0,0.0,0.0,-0.20754627421607494,5.922529168094576,0.20754627421607494,0.0,0.0,2.777426822
149,CC(C)Br,0,0.0,0.0,0.0,0.0,-0.08967031862934308,4.827174070296812,0.008875443213827798,0.0,0.0,-0.899629455
150,CC(C)Cl,0,0.0,0.0,0.0,0.0,-0.12361177098870252,5.3770878682057255,0.02791283065305066,0.0,0.0,-0.742321425
151,CC(CC(F)(F)F)(F)F,0,6.923737199690624,0.0,0.0,0.5108532476871672,-0.20683956958901684,12.098827685538051,0.20683956958901684,0.3519688131171498,0.3519688131171498,2.960946196
152,CC(Cl)(Cl)Cl,0,0.0,0.0,0.0,0.0,-0.08401345114285742,3.792535935529771,0.08401345114285742,0.0,0.0,2.206825876
153,CC(F)(F)Cl,0,0.0,0.0,0.0,0.0,-0.18859860391513794,5.381710990138906,0.18859860391513794,0.0,0.0,3.361727836
154,CC(F)(F)F,0,6.923737199690624,0.0,0.0,0.0,-0.1715150103307834,6.176298517443475,0.1715150103307834,0.0,0.0,3.764176132
155,CC(F)F,0,0.0,0.0,0.0,0.0,-0.2108598585109328,6.425444744859191,0.2108598585109328,0.0,0.0,2.214843848
156,CCBr,0,0.0,0.0,5.330089647061427,0.0,-0.09310768028380192,5.330089647061427,0.0002805112836771427,0.0,0.0,-0.312471039
157,CCC(=O)C(F)(F)F,0,0.0,0.0,0.0,0.6372877064999304,-0.2896014448100831,11.959543463808414,0.2896014448100831,0.20044593143431827,0.20044593143431827,-1.022276395
158,CCC(F)(F)F,0,0.0,0.0,0.0,0.40089186286863654,-0.17119247563245396,6.176298517443475,0.17119247563245396,0.0,0.0,1.873901598
159,CCCBr,0,0.0,0.0,5.330089647061427,0.18898223650461354,-0.0928186496107851,5.330089647061427,0.0028627972390594535,0.0,0.0,-1.283996656
160,CCCCCl,0,0.0,0.0,5.880003444970339,0.4871840115494858,-0.12671715221213103,5.880003444970339,0.02228548512208906,0.13363062095621214,0.4008918628686365,-2.15490196
161,CCCl,0,0.0,0.0,5.880003444970339,0.0,-0.12701765618915772,5.880003444970339,0.019456700381332993,0.0,0.0,-0.317854924
162,CCF,0,6.674590972274908,0.0,6.674590972274908,0.0,-0.25141279975229347,6.674590972274908,0.08658380986553287,0.0,0.0,0.684845362
163,CCl,0,0.0,0.0,6.3829190217349545,0.0,-0.13043063419853143,6.3829190217349545,0.010839185573870135,0.0,0.0,0.743509765
164,CCOC(=O)C(F)(F)F,0,6.606881964512918,4.736862953800049,6.606881964512918,0.5068869409881265,-0.45933279644957187,18.75248576990824,0.45933279644957187,0.21292605758607933,0.21292605758607933,0.198657087
165,CCOC(C(C(C(F)(F)F)(F)F)(F)F)(F)F,0,0.0,4.736862953800049,6.606881964512918,1.441508039488516,-0.3158011662118942,30.73682832782703,0.3158011662118942,0.6326932751813759,0.6326932751813759,1.783188691
166,CCOC(C(C(F)(F)F)(C(F)(F)F)F)(F)F,0,0.0,4.736862953800049,6.606881964512918,1.5078964379033348,-0.31766575233156774,30.736828327827027,0.31766575233156774,0.7714512611664713,0.7714512611664713,1.53529412
167,CCOC(C(C(F)(F)F)F)(F)F,0,0.0,4.736862953800049,6.606881964512918,0.9192178386719237,-0.31819647091511616,25.063445387148167,0.31819647091511616,0.4561392098398864,0.4561392098398864,1.421603927
168,CCOC(C(F)F)(F)F,0,0.0,4.736862953800049,6.606881964512918,0.5908241461546754,-0.3162587518739062,19.140916219053594,0.3162587518739062,0.2554363572862008,0.2554363572862008,1.096910013
169,CCOC(F)(F)F,0,6.606881964512918,0.0,6.606881964512918,0.30800098497440076,-0.29221527166887146,12.969240823543302,0.29221527166887146,0.1636634176769943,0.1636634176769943,1.465382851
170,CF,0,0.0,0.0,7.1775065490395225,0.0,-0.25472973849573893,7.1775065490395225,0.07850795711479129,0.0,0.0,2.130333768
171,COC(=O)C(F)(F)F,1,0.0,4.736862953800049,7.109797541277533,0.4168504308924369,-0.4623591188882762,19.25540134667286,0.4623591188882762,0.11572751247156893,0.11572751247156893,1.915399835
172,COC(C(C(C(F)(F)F)(F)F)(F)F)(F)F,1,7.109797541277533,4.736862953800049,7.109797541277533,1.3722581660024677,-0.3188673267312145,31.239743904591645,0.3188673267312145,0.4889593933203552,0.4889593933203552,2.7355989
173,COC(C(C(F)(F)F)(C(F)(F)F)F)(C(C(F)(F)F)(F)F)F,1,0.0,4.736862953800049,7.109797541277533,2.265467468972001,-0.3412666406222817,43.084802240780796,0.3412666406222817,1.192773661128802,1.192773661128802,2.607455023
174,COC(C(C(F)(F)F)(C(F)(F)F)F)(F)F,1,7.109797541277533,4.736862953800049,7.109797541277533,1.4386465644172868,-0.3207319756677096,31.239743904591645,0.3207319756677096,0.6313654225780578,0.6313654225780578,2.640481437
175,COC(C(C(F)(F)F)(F)F)(F)F,1,7.109797541277533,4.736862953800049,7.109797541277533,0.9779187866407104,-0.31877005766775307,25.317214736497068,0.31877005766775307,0.2931893246676704,0.2931893246676704,2.760422483
176,COC(C(C(F)(F)F)F)(F)F,1,0.0,4.736862953800049,7.109797541277533,0.8545924730830375,-0.3212626899249156,25.566360963912786,0.3212626899249156,0.2940023307220709,0.2940023307220709,2.421603927
177,COC(C(C(F)F)(F)F)(F)F,1,7.109797541277533,4.736862953800049,7.109797541277533,0.9184749155195824,-0.3188843089879359,25.566360963912786,0.3188843089879359,0.26309939028289464,0.26309939028289464,2.442479769
178,COC(C(F)(F)F)(C(F)(F)F)F,1,7.109797541277533,4.736862953800049,7.109797541277533,1.0104899141987496,-0.33525372039955215,25.317214736497068,0.33525372039955215,0.39216931065742355,0.39216931065742355,2.593286067
179,COC(C(F)(F)F)(F)F,1,7.109797541277533,4.736862953800049,7.109797541277533,0.5863786493353408,-0.3165869944895171,19.394685568402494,0.3165869944895171,0.11572751247156893,0.11572751247156893,2.873320602
180,COC(C(F)(F)F)C(F)(F)F,1,0.0,4.736862953800049,7.109797541277533,0.8302903376619293,-0.3643248052316563,25.566360963912786,0.3643248052316563,0.4528381141519471,0.4528381141519471,0.910090546
181,COC(C(F)Cl)(F)F,1,0.0,4.736862953800049,7.109797541277533,0.5261987805657893,-0.3205392083233923,18.849244268513644,0.3205392083233923,0.08908708063747481,0.17817416127494962,2.133538908
182,COC(C(OC(C(OC(C(OC)(F)F)(F)F)(F)F)(F)F)(F)F)(F)F,2,14.219595082555067,9.473725907600098,14.219595082555067,2.0419431687699356,-0.3168417656702624,50.87113214064398,0.3168417656702624,0.7972501215648864,0.7972501215648864,2.340444115
183,COC(F)(F)F,1,0.0,0.0,7.109797541277533,0.23145502494313785,-0.2952791597499822,13.472156400307917,0.2952791597499822,0.0,0.0,2.789580712
184,COCC(C(F)(F)F)(F)F,1,0.0,4.736862953800049,13.716679505790452,0.7403469417841383,-0.37804938116612236,25.815507191328503,0.37804938116612236,0.26310943760519656,0.26310943760519656,0.204119983
185,COCC(C(F)F)(F)F,1,0.0,4.736862953800049,13.716679505790452,0.6560404154792924,-0.3781981488743814,26.06465341874422,0.3296451470125914,0.2554363572862008,0.2554363572862008,0.225309282
186,COCC(F)(F)F,1,0.0,4.736862953800049,13.716679505790452,0.30800098497440076,-0.3752739132346612,19.892978023233926,0.3752739132346612,0.1636634176769943,0.1636634176769943,0.31386722
187,FC(F)(F)C(OC(F)F)C(F)(F)F,0,0.0,4.736862953800049,0.0,0.8335397407290955,-0.30017936116442745,25.068068509081353,0.30017936116442745,0.4427491221763426,0.4427491221763426,3.482873584
188,FC(F)(OC(F)F)C(F)(F)OC(F)F,0,0.0,0.0,0.0,0.8130266122335585,-0.2507136923843698,25.440189192255172,0.2507136923843698,0.3609736896477133,0.3609736896477133,3.521138084
189,FC(F)(OC)C(F)(F)OC,2,0.0,9.473725907600098,14.219595082555067,0.8515580046420166,-0.31684463157945497,26.436774101918036,0.31684463157945497,0.23763668329542528,0.23763668329542528,2.305351369
190,FC(F)OC,1,0.0,4.736862953800049,7.109797541277533,0.17817416127494962,-0.3263381851028985,13.721302627723635,0.3263381851028985,0.0,0.0,2.133538908
191,FS(F)(F)(F)(F)F,0,0.0,0.0,0.0,0.0,-0.07190445647360968,0.0,0.07190445647360968,0.0,0.0,4.401400541
192,N(F)(F)F,0,0.0,0.0,0.0,0.0,-0.06623681240837469,5.566282138301096,0.06623681240837469,0.0,0.0,4.240549248
193,O=COC(F)(F)C(F)(F)F,0,0.0,4.736862953800049,0.0,0.5261383949261057,-0.396188640381331,18.757108891841423,0.396188640381331,0.12724122006700594,0.12724122006700594,2.775974331
194,O=S(=O)(F)F,0,0.0,0.0,0.0,0.0,-0.1602380866312041,8.417796984328938,0.1602380866312041,0.0,0.0,3.665580991
195,OCCF,0,6.606881964512918,5.106527394840706,13.281472936787825,0.08451542547285162,-0.39366054126169014,18.388000331628533,0.11246039712919563,0.0,0.0,-0.27572413
