1081,6,1,,,,,,
Number,Filename,PLD,LCD,Density,ASA_m2_cm3,AV_VF,Xe_heat,Xe_M
0,ABEXEM_clean,4.14331,4.82084,1.76082,968.791,0.494,-22.75801804,2.43137073
1,ABEXIQ_clean,4.06893,4.80529,1.7876,954.695,0.4776,-23.70737537,2.32595727
2,ABEYIR_clean,3.92183,4.69665,1.96962,879.845,0.464,-23.99034912,1.86943858
3,ABIXOZ_clean,4.0515,6.22728,1.91751,1873.93,0.5866,-15.63395808,4.35473796
4,ABULOB_clean,4.16445,4.86958,1.31921,1184.81,0.5364,-28.91920177,5.80933327
5,ACAJOF_clean,6.10482,6.86398,1.21871,1121.27,0.513,-20.42602605,3.62249042
6,ACIBOE_clean,7.03071,8.25776,1.10094,2063.01,0.6554,-20.03216892,8.14616293
7,ACUBAB_clean,4.30295,6.48174,2.30944,1238.98,0.5252,-25.91243143,2.00336702
8,ACUTOI_clean,4.5372,5.192,1.71994,820.91,0.4076,-26.2655411,2.00231298
9,ADASEF_clean,10.92309,21.62414,0.435607,1820.41,0.8462,-15.00643357,3.14E+01
10,ADAXEK_clean,4.10445,5.76724,1.26343,1305.6,0.5042,-24.88563922,4.26924762
11,ADODOO_clean,5.31331,5.9443,1.28796,1054.79,0.5256,-24.31610079,3.29083221
12,AFITEP_clean,4.09997,4.64022,1.06928,1521.04,0.5262,-27.21007149,5.48707596
13,AFUPEX_clean,4.58891,5.43312,1.38641,2204.93,0.6146,-20.1646138,6.7528936
14,ALEQIT_clean,3.96262,5.78407,1.90553,677.8,0.434,-24.73964564,1.64185782
15,ALOLIY_clean,5.12412,6.86569,1.19169,992.554,0.537,-14.86885033,3.54900456
16,ALUJEX_clean,4.42191,5.99288,1.43356,1311.29,0.5364,-22.60204068,3.92177891
17,ALUKIC_clean,6.77342,8.54387,0.56692,2883.21,0.7934,-13.01498736,26.30471322
18,ALULEZ_clean,13.37911,18.75501,0.425946,1475.35,0.8336,-11.01094794,5.96E+01
19,AMILUE_clean,11.07263,11.39418,0.982365,1253.76,0.6124,-28.1097845,6.6902698
20,AMOYOR_clean,4.48972,4.82905,1.16972,759.125,0.4596,-26.79931615,2.5116923
21,ANAWIX_clean,5.01969,5.45667,1.52823,1486.52,0.5628,-22.8962608,3.55512192
22,ANAWOD_clean,6.10595,6.92762,1.43826,1562.19,0.5924,-21.48817863,5.31198145
23,ANENIR_clean,4.26664,6.14773,1.32991,783.463,0.4684,-23.14863256,2.31731323
24,AQEQES_clean,5.37606,5.6853,1.07587,1742.46,0.6052,-21.06378548,7.2127794
25,AQUDAS_clean,5.62446,9.38408,1.03958,1962.23,0.6752,-16.74372765,7.88224346
26,AQUDIB_clean,10.54479,11.3608,1.19943,1577.62,0.659,-16.77990413,8.85105139
27,ARUYES_clean,4.58095,5.37817,1.47856,1357.43,0.5162,-24.41257966,4.28736055
28,ARUYUH01_clean,4.11721,4.94052,1.67517,1504.56,0.6094,-28.07481431,4.25194466
29,ASIQIE_clean,6.2555,9.00205,0.893575,1516.45,0.6152,-18.59596966,8.53611291
30,ASOVEL_clean,5.3133,5.72633,1.03379,949.896,0.495,-22.18405251,4.20905613
31,ATIBOU01_clean,4.01813,5.12784,1.59271,1003.99,0.4816,-22.93966766,2.37040941
32,AVAGIP_clean,4.68679,4.84155,1.40449,799.444,0.4578,-24.07779244,2.52173679
33,AVAGUB_clean,4.26622,4.77305,1.33788,1125.79,0.484,-20.79914914,3.69786484
34,AVEROJ_clean,6.81539,7.02712,1.69759,1573.72,0.5918,-19.66013008,3.38268062
35,AVUCEA_clean,4.52481,10.64181,0.89363,2280.68,0.6776,-20.18537701,10.44786022
36,AWAGEL_clean,7.28684,8.54501,0.99094,1266.94,0.599,-18.11492711,5.8909704
37,AWAGOV_clean,4.40002,8.03493,1.14872,740.321,0.4848,-25.02518926,3.53071319
38,AWASOI_clean,4.11557,5.09655,2.36169,945.621,0.4824,-22.72554013,1.77829984
39,AWIBAL_clean,4.4506,4.9496,1.68807,1040.45,0.482,-27.64548655,3.44132367
40,AWOFOI_clean,4.19244,5.44554,1.31908,2093.99,0.5974,-21.05649387,6.83134707
41,AXAFAG_clean,6.13172,6.59817,2.82524,1689.3,0.606,-16.19315592,2.46161771
42,AXIPEE_clean,3.94175,6.41608,1.68088,1551.99,0.574,-20.406107,4.25230432
43,AXIPEE03_clean,4.0805,6.5428,1.61298,1706.94,0.59,-19.75243334,4.64490207
44,AYOQEM_clean,6.87343,12.16451,0.774775,2322.28,0.7066,-16.94124692,13.93961548
45,AZAWAB_clean,4.89759,5.65614,1.11309,1245.12,0.5586,-24.55409946,4.26046788
46,BADXUC_clean,9.31212,10.5886,0.885545,1836.8,0.6864,-15.87630867,11.004628
47,BADYAJ_clean,7.13629,8.60576,0.984728,1990.18,0.6528,-16.96951721,9.4016501
48,BAKJII_clean,5.21845,6.19215,0.959339,2059.17,0.6236,-21.02349368,8.44548176
49,BANMAG_clean,7.44113,8.68497,1.37401,1122.97,0.5786,-14.2298987,3.11014836
50,BAWRUO_clean,5.68693,7.29901,2.71918,1447.8,0.5782,-18.35602317,2.42168927
51,BAXSIE_clean,5.06628,5.31376,1.49933,912.911,0.437,-25.95968439,2.59556609
52,BELJIL_clean,5.21436,7.21036,1.28754,867.89,0.459,-20.6766342,3.48436832
53,BEPBAB_clean,3.97632,5.3188,1.04154,1135.05,0.473,-23.65704539,4.82846966
54,BEPLUF_clean,10.45745,10.54661,0.882268,1351.9,0.655,-15.1396952,8.43087648
55,BEPMAM_clean,10.23297,10.35764,0.893987,1370.16,0.63,-15.43189111,8.19993955
56,BEPMIU_clean,9.95473,10.07029,1.02149,1143.41,0.6036,-15.01921162,6.41967225
57,BEPNUH_clean,10.2098,10.32563,1.16569,1103.61,0.6056,-14.4515553,5.5839225
58,BEPPIX_clean,9.63706,9.77409,0.990438,1290.67,0.592,-15.69596367,7.01881046
59,BEPPOD_clean,9.89092,10.03622,0.960732,1283.35,0.613,-15.3589016,7.33762205
60,BEPVOJ01_clean,3.97858,5.12362,1.3287,794.481,0.5126,-24.53674658,2.09912243
61,BEXQIF_clean,5.28644,8.04962,0.683962,2466.36,0.7172,-14.75514431,14.6591307
62,BEXRAY_clean,5.64009,8.11263,0.639388,2590.56,0.7392,-13.49098479,18.43750984
63,BEXRUT_clean,4.71424,6.49399,1.07075,1422.45,0.585,-20.07123196,6.30540034
64,BEYSEF_clean,4.74798,5.61731,1.17978,1409.15,0.5534,-20.77488509,4.87131034
65,BIJDUV_clean,5.69718,8.61386,0.896671,1704.44,0.6122,-20.65027687,8.20388948
66,BIPLIX_clean,5.75458,7.36646,1.07595,1632.15,0.6014,-18.60071535,6.47048786
67,BIQVII_clean,4.62031,5.22147,1.62242,863.635,0.4264,-24.1987157,2.52098337
68,BIRMUM_clean,4.6855,5.54904,1.2621,494.559,0.4238,-23.53009478,1.69621655
69,BIWYAH10_clean,5.52874,7.2461,0.722295,2876.07,0.7574,-10.96877501,21.30484961
70,BIYTEJ_clean,6.39623,6.54525,1.38595,1053.22,0.5308,-22.40040744,3.10197065
71,BOVHEB_clean,4.22597,5.76843,1.21128,1167.42,0.531,-28.23052223,4.15801456
72,BUPVIT_clean,4.11606,9.45259,1.29427,1956.29,0.634,-18.36098324,7.90979288
73,BUVXOG_clean,5.20998,6.82532,1.26745,776.672,0.469,-21.87630045,2.70331042
74,BUVYIB_clean,8.55613,10.88811,0.702067,2220.12,0.6958,-21.45104465,12.10722042
75,BUWGAC_clean,5.51512,5.78007,1.43835,936.162,0.4594,-20.9861024,1.88977587
76,BUWGEG_clean,5.82253,6.35253,1.3312,1290.96,0.5204,-19.37714043,3.37007225
77,CABJEX_clean,4.31087,7.7671,1.11145,1890.09,0.6258,-22.40968825,6.62136496
78,CACKEZ_clean,9.88681,11.25321,0.655086,1691.51,0.7018,-15.33786779,17.76127597
79,CAGXIU_clean,4.76439,5.87273,1.68022,875.321,0.4288,-26.92952889,2.35472187
80,CAJQEL_clean,8.23046,13.93661,0.705662,2053.08,0.7554,-25.97542204,17.81824051
81,CASTEW_clean,5.45003,6.08438,1.74666,1447.28,0.5044,-25.52859518,3.69357869
82,CAVMOD_clean,9.36955,10.28847,0.959454,1312.84,0.585,-24.51065518,6.68339446
83,CAVRAU_clean,6.42877,8.06449,0.994088,1841.55,0.6396,-28.98524905,7.79824398
84,CAVREY_clean,5.30054,7.18071,1.02665,1966.55,0.6398,-28.57748923,7.20589717
85,CAVSUP_clean,5.46806,6.03054,1.37834,1107.72,0.5324,-19.04887456,3.2777996
86,CAVVUS_clean,6.17686,8.70352,1.10684,1589.76,0.6378,-21.04644375,6.97908996
87,CAYBAH_clean,4.06579,5.32479,1.49428,1000.86,0.5026,-22.13718333,3.54866246
88,CAYDOX04_clean,4.99798,5.1544,1.4815,728.429,0.4586,-23.03439912,1.56669319
89,CAYDOX06_clean,5.00689,5.19641,1.4743,740.03,0.4854,-22.96839445,1.57113959
90,CAYKEU_clean,5.51195,6.90917,1.65926,1248.25,0.5378,-21.00406057,3.43144829
91,CAZGIT_clean,3.98397,5.03658,1.74975,597.309,0.4322,-28.38915178,1.84950945
92,CEBDOD_clean,5.15984,5.66465,2.39766,855.034,0.4118,-23.83788927,2.35664317
93,CEGDUO_clean,3.97638,4.82541,1.91831,724.949,0.4724,-23.66835198,1.72295871
94,CEHLAD_clean,5.8901,10.21413,0.853623,2217.93,0.735,-18.11584094,13.51109234
95,CEJCAW_clean,4.81672,5.5108,1.18356,1317.21,0.5646,-21.29019808,4.41271202
96,CELZEA_clean,4.52273,5.3255,1.62985,1218.16,0.5184,-21.07783564,4.0478146
97,CETFOX_clean,5.05783,5.89862,1.36113,1575.61,0.5628,-19.77594181,4.09443511
98,CETFUD_clean,4.1075,4.78644,1.42835,1079.17,0.4914,-24.13245147,3.55223639
99,CETHEQ_clean,7.35018,9.71439,1.06464,1786.46,0.68,-15.97768161,8.87733738
100,CIFMEL_clean,5.76486,8.24371,0.761139,2746.38,0.7488,-13.02933351,17.34254974
101,CIJVOH_clean,4.40026,5.67314,1.44318,2399.39,0.687,-17.17102496,7.01332133
102,CIJVOH01_clean,4.43683,5.72943,1.42641,2600.15,0.6914,-16.97901204,7.66698312
103,CIPCUB_clean,3.99723,4.79005,1.72886,1140.31,0.5,-25.35113139,2.69143183
104,CISXEJ_clean,5.25443,8.40281,0.998279,1037.93,0.5322,-28.86570788,5.08524454
105,CIXCAO_clean,7.79803,8.41278,1.20596,2061.81,0.6754,-18.19719138,6.37142155
106,CIZMIJ_clean,4.91458,6.80411,0.777083,2425.06,0.6814,-19.58529113,11.04870582
107,COBWEV_clean,4.21092,5.55668,1.63609,377.557,0.4574,-20.11494054,1.23592128
108,CODNAM_clean,3.97634,4.57469,1.63521,1494.85,0.5962,-25.90025537,5.93635462
109,COKPEZ_clean,10.69952,11.53314,0.910755,1588.72,0.66,-17.56058794,12.20730834
110,COKQAW_clean,10.61593,11.31709,1.308,1523.61,0.6476,-16.25092899,7.63614585
111,COSMII_clean,7.45633,8.75515,0.883978,2550.25,0.6928,-21.46722673,10.07825994
112,COVPAG_clean,4.22302,5.03463,1.34292,669.782,0.3872,-25.83137125,3.73067772
113,COWBEX_clean,4.95411,5.58641,1.71799,525.99,0.4268,-24.65246852,1.092679
114,COWMEH_clean,5.53249,6.75649,1.20645,2145.39,0.6618,-16.60482692,7.15368443
115,COWMOR_clean,5.5633,6.72492,1.24692,2127.23,0.644,-17.30837995,6.90864241
116,COYCEZ_clean,4.25857,6.30223,1.16488,1753.9,0.5836,-19.87889643,5.53817545
117,COYCID_clean,6.95581,9.57313,0.931123,1860.71,0.6788,-15.30673365,10.42119591
118,CUBBEI_clean,8.34849,11.31649,0.659609,2013.12,0.737,-14.49891425,19.24560477
119,CUCSAU_clean,4.21323,5.5757,0.840322,1200.85,0.5078,-22.11010915,5.40947967
120,CUCTAX_clean,4.0721,4.38086,1.35437,330.655,0.4262,-29.98009989,1.85323431
121,CUFFOZ_clean,5.52998,6.2305,0.917281,2529.25,0.7024,-18.22256907,10.84084861
122,CUGVUW_clean,4.56978,6.46234,1.32198,676.004,0.4376,-22.74551397,2.45285139
123,CUKXOW_clean,4.27142,4.70734,1.65503,1163.02,0.5338,-22.97920932,2.89507497
124,CUMJEB_clean,4.11246,5.10711,2.00854,711.044,0.4216,-25.22476505,1.35092627
125,CUNFOH01_clean,5.76711,8.64942,1.65261,1750.49,0.639,-13.70588289,4.62134941
126,CUNQOT_clean,4.45617,4.94603,1.56048,1158.67,0.5224,-23.58985081,3.04066598
127,CUNQUZ_clean,4.50865,5.05516,1.94091,1202.57,0.5384,-23.92993707,2.44358106
128,CUQKOQ_clean,5.13786,5.93389,1.75724,1823.79,0.6128,-20.10600444,4.1885878
129,CUQRIR_clean,4.57463,5.69204,1.10643,1361.29,0.5686,-22.72036453,5.01013963
130,CURBOH_clean,4.72038,9.52504,1.26402,1793.73,0.654,-16.55671356,6.32378991
131,CUSYAR_clean,12.17996,28.01343,0.247232,1408.41,0.9076,-9.713356631,1.18E+02
132,CUVHIL01_clean,12.02225,12.86501,1.66038,1437.07,0.642,-21.77139755,4.10381098
133,DAMZEZ_clean,4.13045,5.14628,1.48117,701.768,0.4344,-27.5281336,2.0231397
134,DAWBIO_clean,4.59869,5.36745,1.40464,933.9,0.4578,-26.45359507,2.52647202
135,DAWCAH_clean,4.3714,5.49841,1.35332,991.393,0.483,-26.06444342,2.80902531
136,DAWWEF_clean,5.33899,7.03379,1.07778,2082.97,0.6328,-16.68006718,8.41158145
137,DEFKUU_clean,4.54366,5.40643,1.71115,1533.38,0.5346,-22.75652854,3.57452
138,DEJCIF_clean,4.58071,5.07924,1.37299,1275.41,0.5384,-25.83697491,4.21226481
139,DEPXIG_clean,4.42032,5.45833,1.21453,1418.68,0.5298,-23.0740859,5.01170355
140,DEPXOM_clean,4.69467,5.87443,1.07984,2256.84,0.6052,-18.90031553,8.49353663
141,DEQFOU_clean,3.99236,4.43033,1.33979,549.564,0.5546,-22.59507629,5.11144088
142,DIBJEF_clean,4.70814,5.60649,1.76959,946.581,0.4236,-26.04265054,2.28450484
143,DIDBEZ_clean,5.94989,9.17575,0.929043,1495.06,0.5892,-20.7077969,8.49667436
144,DIDDOK_clean,8.17399,9.60031,0.525842,2599.96,0.7878,-14.34851508,26.0717037
145,DIKJUD_clean,4.27188,5.51513,1.06812,1036.17,0.5198,-26.08457747,3.81444846
146,DITTEH_clean,5.15214,5.93254,1.0803,2344.41,0.6392,-20.88897599,6.58069987
147,DIVGIA_clean,3.98335,5.63742,1.20442,696.106,0.5032,-25.6194642,3.34700089
148,DOCKOW_clean,5.14701,6.92307,1.38513,740.657,0.4578,-21.48118319,2.2251608
149,DODMIT_clean,4.52059,7.01246,1.55856,1353.3,0.5366,-23.11615799,3.80879517
150,DOKDEN_clean,13.44364,15.14217,0.712137,1836.8,0.7026,-20.56079746,12.13056779
151,DOLXOR02_clean,5.37244,6.63462,1.07895,2591.9,0.7454,-10.98071343,8.5803075
152,DONKIC_clean,4.41641,6.48379,1.03451,1661.2,0.5846,-21.49114108,6.94523731
153,DONNEA_clean,5.56044,5.83858,1.23493,1480.59,0.573,-23.58647089,4.94025066
154,DOPHUN_clean,5.61514,12.13355,0.984545,1406.36,0.6676,-17.21838535,9.38388936
155,DOTSOV31_clean,6.69884,13.25143,0.88841,2077.09,0.7196,-25.43489901,12.05425274
156,DOYBEA_clean,5.37899,5.83429,1.0599,1634.79,0.5844,-24.7523633,5.51767644
157,DUFGOB_clean,7.81761,8.44616,1.12069,1457.55,0.5722,-16.37816811,6.73514339
158,DUFKAS_clean,11.31425,18.33861,0.529585,1559.27,0.811,-14.17115701,21.0103445
159,DUNXUH15_clean,3.92518,5.0496,1.21011,1811.64,0.6042,-24.32419425,6.54630919
160,DUQYEU01_clean,4.34562,4.86217,1.66926,2251.32,0.6184,-18.90039364,5.61284485
161,EBAMOL_clean,4.28414,7.95861,1.05221,1072.83,0.6064,-23.51376888,6.08072791
162,EBEXAM_clean,6.78821,7.13111,1.50724,1561.7,0.5636,-19.34672738,5.25852122
163,EBEXEQ_clean,6.70514,7.05454,1.61812,1500.38,0.5486,-20.3972386,4.93633008
164,EBIZUN_clean,8.07829,10.22426,0.790487,2342.19,0.7238,-17.49968009,15.0606228
165,EBOCOQ_clean,5.38954,5.90692,0.987787,1345.25,0.583,-22.90365856,5.27710897
166,ECAHOH_clean,4.98271,6.87089,1.21823,856.833,0.4828,-22.01441966,3.42311025
167,ECEDEY_clean,4.6444,6.39219,1.02837,1438.77,0.541,-21.43886525,5.63220189
168,ECIWOC_clean,4.785,5.05411,1.40153,572.024,0.4148,-29.65698517,2.20341916
169,ECUDOX_clean,6.14054,6.82408,2.34011,1768.65,0.6164,-20.15427486,2.82204546
170,ECUGEQ_clean,4.07384,6.02953,2.29908,1875.55,0.6102,-18.61873205,2.96536168
171,EDECOG_clean,4.65211,6.30911,1.66761,3310.63,0.756,-10.55698982,9.34793849
172,EDIKIL_clean,3.98785,4.99635,1.3412,2179.84,0.601,-19.03608419,6.91910176
173,EFOSUO_clean,4.44144,5.23309,2.23497,2650.04,0.6472,-14.60311319,4.49831466
174,EFOTAV_clean,4.50362,5.43531,2.18747,2824.93,0.6522,-14.28992495,4.63434527
175,EFOTEZ_clean,4.39448,5.06643,2.67676,2557.25,0.6308,-13.61251813,3.78552428
176,EFOTID_clean,4.13348,5.17106,3.01069,2149.74,0.6124,-14.38471749,3.12094467
177,EJIBUW_clean,5.8783,7.59726,1.22707,869.919,0.5098,-20.44132313,3.84347866
178,EJOGOZ_clean,7.67789,8.55826,1.08841,1258.27,0.553,-18.01251239,4.21735846
179,EKOPOK_clean,7.30447,7.61675,1.24495,1308.01,0.569,-25.48529634,5.45948235
180,ELELEN_clean,4.1882,7.0748,0.915782,1244.35,0.592,-20.03342172,5.36691815
181,ELOGUJ_clean,3.95274,5.2439,3.13806,963.536,0.4846,-22.17143055,1.40386473
182,ELUZES_clean,4.20879,5.83115,1.7311,2004.82,0.6554,-13.78668455,5.33828334
183,EMAMOW_clean,5.81943,6.67757,1.11834,959.829,0.5032,-19.511207,3.51224876
184,EMAMUC_clean,5.03009,5.84513,1.22272,803.232,0.473,-19.75620625,2.58803179
185,ENOSAD_clean,5.07062,5.57968,1.63787,1052.89,0.4624,-22.9213115,2.5112429
186,EQERAU_clean,5.10134,8.66462,0.830188,1832.92,0.646,-19.69697172,11.59972138
187,EQUBIC_clean,4.02529,4.62524,2.01313,877.337,0.4672,-25.98461756,2.60764
188,EQUBOI_clean,4.11847,4.70314,1.94101,957.405,0.4856,-25.53521922,2.65860656
189,ERAHOV_clean,7.46409,8.72809,0.942162,2285.98,0.718,-13.01604112,14.1697737
190,ERIGER_clean,4.52945,7.45113,1.32558,1000.06,0.5014,-22.57554094,3.51430793
191,ESEDAJ_clean,4.31016,4.69413,1.23871,988.004,0.5038,-29.65299251,4.2175757
192,ESIFIX_clean,4.80503,8.56333,1.42554,1466.81,0.5898,-21.94110562,4.78399795
193,ETECOX_clean,8.91862,10.32812,1.07802,2014.96,0.7346,-14.71249223,10.618566
194,ETEKEU_clean,5.18388,6.74215,1.16256,2288.23,0.6442,-18.94883772,7.43440818
195,ETEXEI01_clean,4.79897,5.81183,1.51395,1510.72,0.6306,-22.67773389,3.87361317
196,ETUWEW_clean,4.37104,4.93842,1.56386,2303.31,0.6098,-18.39524074,5.93060703
197,ETUWIA_clean,4.31374,4.84869,1.3172,2256.73,0.6028,-19.74943561,7.1412196
198,EVUQOC_clean,3.92262,5.3745,1.5074,1102.05,0.4832,-25.60324658,2.81002032
199,EXOFIH_clean,4.25139,4.43208,1.35435,1660.17,0.5858,-26.53028542,5.60817965
200,EXUHUC_clean,4.0898,6.22107,1.22274,852.187,0.5232,-22.69815315,1.23899998
201,EYOJOT_clean,4.41339,6.69512,0.85516,2181.74,0.6858,-21.4218047,10.20572162
202,EYULOA_clean,3.99192,4.93073,1.26506,819.807,0.5008,-27.88819383,2.9215415
203,EZEQEH_clean,4.37059,4.87284,1.23337,902.039,0.4534,-28.00827989,3.31876583
204,EZEQOR_clean,4.90134,5.6482,1.14412,1130.85,0.4858,-25.71609892,3.66460526
205,EZITUE_clean,4.58908,5.18743,1.41786,514.897,0.4536,-27.87881531,1.65608937
206,EZUCIM_clean,4.42324,5.27092,1.00292,1781.29,0.602,-24.32585526,6.95422021
207,EZULAO_clean,4.42786,5.09593,1.44576,1054.74,0.5038,-25.13092771,2.94740691
208,FAFDEX_clean,4.0465,4.84612,1.4121,763.799,0.426,-26.35833597,3.43880433
209,FAFMAC_clean,5.39086,6.81612,1.26269,1165.02,0.5508,-18.65000197,3.51312202
210,FAGMAE_clean,4.37557,5.46748,1.06062,1170.19,0.5442,-22.38218878,4.31426701
211,FAJYAS_clean,6.70705,8.56248,0.843378,1917.39,0.6388,-17.72036578,10.56530675
212,FALDAA_clean,5.33991,6.52279,1.08899,1435.02,0.579,-22.26322322,4.70600284
213,FALTUK_clean,6.65272,14.44089,0.666176,2289.43,0.7562,-18.78271918,17.60768536
214,FANQER_clean,4.0339,5.21362,1.50842,1029.25,0.5204,-16.65841405,2.58239775
215,FANWOI_clean,8.59361,9.82333,0.99576,1281.64,0.592,-21.75396084,5.93991206
216,FAQLIV_clean,6.9896,7.11741,1.13429,1598.28,0.5906,-20.58842398,9.1074393
217,FASHAK_clean,4.91896,5.67537,1.31877,1672.64,0.5816,-19.12066346,4.90642274
218,FASHOX_clean,4.39914,5.79545,3.73156,1762.91,0.572,-19.41697408,2.07781029
219,FATKIV_clean,10.48506,14.84172,0.799535,924.965,0.6364,-26.00233368,6.74664699
220,FATLUJ_clean,4.28978,5.42171,1.20951,1168.02,0.5226,-22.73564212,3.53120165
221,FAVGAN_clean,4.50196,5.57142,1.52705,956.016,0.4838,-21.16044446,3.09857777
222,FAVHIW_clean,4.37848,4.93663,1.68898,774.259,0.459,-23.67058041,2.02537174
223,FAZFET_clean,4.4573,6.57316,1.65256,1476.29,0.5356,-18.56345094,3.92504435
224,FAZPED_clean,5.99081,7.63868,1.64589,749.747,0.4048,-21.97477427,2.12142284
225,FAZZEM_clean,4.41081,5.74693,2.16525,873.054,0.4638,-18.00106399,2.07288652
226,FEDBEX_clean,5.03901,5.54956,1.56747,1415.29,0.5562,-18.92018667,3.29393992
227,FENROG_clean,4.56613,5.38209,1.67781,1972.59,0.6206,-17.98233292,3.49145636
228,FESBIQ_clean,4.03787,6.51581,1.05137,1647.39,0.5376,-22.96777021,6.54981955
229,FEWQOP_clean,5.19712,5.35536,2.28568,1163.85,0.467,-22.64551356,2.54130017
230,FEXCES_clean,5.48137,6.14892,1.01825,1528.57,0.5802,-22.97664268,5.36462454
231,FIFMOY_clean,4.42587,4.8407,1.29544,593.069,0.468,-27.90032383,3.43986107
232,FIFNUE_clean,3.95118,4.8017,1.02025,1565.01,0.5802,-20.07667046,8.03425002
233,FIHRIZ_clean,5.92513,6.70189,1.0601,1583.25,0.594,-21.58434696,5.25312192
234,FIJCUX01_clean,6.13056,7.34002,1.22326,1581.46,0.608,-20.27892197,6.38390545
235,FIJFUA_clean,4.46794,6.58892,1.28412,1352.77,0.5288,-21.67973036,4.23417976
236,FIMZAE_clean,5.24839,8.7496,1.17241,1659.79,0.6,-20.05179454,5.78115533
237,FINQOK_clean,4.60012,8.7337,1.3997,1628.14,0.614,-15.78714006,5.50196049
238,FIVYEP01_clean,4.73568,5.69673,2.0333,1245.18,0.4572,-20.56441318,2.30446514
239,FOCYUT_clean,4.14487,4.56886,1.45757,650.133,0.4262,-28.95296736,2.74811785
240,FOCZAA_clean,4.4492,4.86095,1.39709,775.702,0.452,-28.401034,2.79064725
241,FOHCIP_clean,4.14038,4.96285,1.87592,1245.59,0.5966,-22.7304572,3.69556653
242,FOJKIA_clean,4.1527,5.14315,1.07093,1386.95,0.5272,-26.34290135,6.23353016
243,FOKYEL_clean,8.56106,8.8968,1.19075,983.087,0.581,-24.82830843,5.65762127
244,FONKEA_clean,3.93383,4.68396,1.69201,643.159,0.4636,-26.86601078,2.12710704
245,FORQAF_clean,4.33657,9.35233,1.04043,2153.98,0.6962,-14.06065964,10.43426488
246,FORTIR_clean,6.87207,7.46367,0.921652,1895.01,0.6264,-20.47564166,7.6989976
247,FORTUD_clean,10.38181,17.46562,0.786041,1513.55,0.691,-21.71768517,9.8989769
248,FOTNIN_clean,29.92948,33.62157,0.240324,765.124,0.9206,-16.99899787,2.96E+01
249,FOXNIQ_clean,4.34787,5.68172,1.93205,592.227,0.4372,-20.89998676,1.52671754
250,FUHMOM_clean,4.01054,5.53443,1.19557,1378.79,0.5554,-25.12276441,4.83704086
251,FUHNED_clean,4.12203,6.48528,1.3617,1522.72,0.5858,-23.65139774,4.97195759
252,FUNBAS_clean,4.59254,6.30412,1.11042,1258.26,0.5296,-25.68804601,3.99623047
253,FUQJUX_clean,8.47633,12.69722,0.718278,2115.98,0.7464,-12.77372824,17.82472854
254,FURSES_clean,4.08548,5.13622,1.59979,1236.67,0.4932,-23.96069733,2.73632041
255,FUSGOR_clean,4.14656,5.22313,1.4906,1212.59,0.5048,-23.06795816,2.90022936
256,FUSMEM_clean,9.2057,10.20459,1.06882,1617.37,0.6304,-15.99068435,9.09950388
257,FUSQUH_clean,4.59542,6.74859,1.05193,1186.33,0.5202,-24.72975952,4.22470955
258,FUSYUO_clean,14.28198,14.37333,1.11376,733.981,0.5654,-18.50699182,5.59644991
259,FUTCAZ_clean,5.03504,6.78768,0.817663,2795.18,0.708,-14.22177207,13.48204959
260,FUTZAX_clean,6.11185,6.70042,0.956816,2069.71,0.6692,-18.53685219,9.18858266
261,FUTZOL_clean,6.36524,9.30232,0.891296,2041.5,0.6794,-20.69767815,9.71393856
262,FUYCIN_clean,11.12419,11.38543,0.437316,1877.39,0.832,-11.17095857,5.19E+01
263,GADDOH_clean,4.83802,8.41895,1.2132,1718.46,0.6166,-18.67488567,6.58968427
264,GAGSUF_clean,13.09101,13.27563,1.53244,1385.3,0.652,-17.52078555,6.47317323
265,GAJYUN_clean,4.28663,4.85568,1.5312,1091.56,0.5342,-21.14260207,3.04020728
266,GAJZAU_clean,4.30234,4.80108,1.51624,1143.74,0.5456,-19.96076542,3.03831568
267,GAJZUO_clean,4.137,4.67022,1.35819,1115.52,0.5302,-21.25024021,3.42719118
268,GALCAZ_clean,6.97754,7.51924,1.17363,1179.25,0.5068,-21.08043404,4.89118129
269,GALHUY_clean,4.7005,9.80007,0.848298,2055.58,0.6696,-24.4240983,10.89842397
270,GALJAG_clean,6.98688,7.13587,0.8258,2198.4,0.6726,-20.27081556,10.80623515
271,GAMKUD_clean,4.38382,8.02672,1.12273,1499.14,0.5716,-22.95874665,5.20674347
272,GARMAQ_clean,4.29561,5.4678,1.2061,1479.57,0.5666,-24.46531679,4.78133678
273,GARQEY_clean,4.40103,6.65568,1.14842,302.938,0.4988,-24.12454183,1.11934646
274,GARTUR_clean,10.84777,11.12255,1.34756,1641,0.6774,-19.84920772,6.03697794
275,GASSEB_clean,4.02494,5.64924,0.918331,1776.39,0.633,-21.01021627,6.47607516
276,GASSUR_clean,6.36797,7.13166,1.0643,1692.45,0.616,-20.73874077,8.21627111
277,GEBCAT_clean,4.28279,7.82822,1.50818,1191.52,0.4616,-17.54042551,3.44088338
278,GEFZAU_clean,5.83045,6.43441,0.991134,1373.29,0.5466,-22.15646379,4.76392507
279,GESFAN_clean,7.34904,7.57798,1.05603,938.983,0.5286,-16.86279844,4.60452373
280,GEVXIQ_clean,4.61181,5.46888,1.67855,1326.24,0.5498,-17.96399651,3.01601653
281,GIQYEL_clean,3.95603,5.04966,1.69109,1647.45,0.5932,-20.90527727,4.58602561
282,GIQYOV_clean,4.01588,4.65103,1.69435,1544.77,0.5744,-19.52540621,4.59547728
283,GITPIK_clean,5.85889,6.71051,1.05932,1949.1,0.6024,-22.73284751,7.45990816
284,GIVDUL_clean,4.75734,6.29643,1.8226,1547.53,0.583,-17.05344087,3.21364141
285,GIXNAE_clean,6.88703,7.22845,0.852646,2024.04,0.6572,-17.75586364,10.49046327
286,GOJDOZ_clean,4.35574,4.79892,2.78878,865.091,0.5306,-20.93945636,2.0439476
287,GOMFUL_clean,7.07618,8.40946,1.20905,1214.62,0.4954,-18.66400013,5.43880082
288,GONNAA_clean,5.80307,7.09205,0.944258,2774.42,0.7154,-17.54110406,10.61238711
289,GOPTIQ_clean,4.50914,6.68622,0.770633,1838.89,0.6402,-21.76961736,8.9140421
290,GOQSIQ_clean,6.04263,8.1775,1.00533,1638.23,0.6412,-24.69048189,5.8511631
291,GOQXAN_clean,5.8492,6.22843,1.32869,1398.1,0.556,-22.23299308,6.24284088
292,GOTDIE_clean,4.56435,4.73101,1.48128,186.327,0.3958,-26.26074067,0.65417552
293,GOZNAM_clean,4.60575,6.30239,0.99242,2117.8,0.6346,-17.06298573,8.58442039
294,GUANZS_clean,4.04623,5.10287,1.31647,2066.97,0.6518,-19.98529436,6.06516288
295,GUBKUL_clean,8.58193,8.78437,1.65394,1300.1,0.597,-15.59478559,5.52892397
296,GUBVUU_clean,4.18996,6.86464,0.930991,1654.01,0.6014,-21.51622284,7.71259416
297,GUFXEM_clean,4.72083,6.06791,1.2094,1573.94,0.5582,-23.02075202,5.18949383
298,GUJREK01_clean,6.10275,6.68707,1.23624,984.626,0.5306,-20.35541651,3.34612162
299,GUPCOK_clean,4.70103,7.32716,1.09896,1318.86,0.6082,-16.57492998,3.12766222
300,GUPDEB_clean,7.65386,20.68684,0.945467,1548.81,0.7196,-15.8060575,8.985255
301,GUQWOG_clean,4.64507,7.33297,0.957966,1896.24,0.6126,-21.21881035,7.54807626
302,GUTYIE_clean,4.16158,5.62453,1.07616,1629.52,0.6326,-23.40488031,5.70301106
303,GUXZUV_clean,4.88173,6.58785,1.68165,1430.07,0.5722,-22.60270712,3.80176086
304,GUYBAE_clean,5.19351,5.86532,2.36156,1533.32,0.5552,-21.35530935,2.82132664
305,GUYLOC_clean,5.64428,6.81193,1.06721,1772.41,0.5868,-22.26940527,6.11287699
306,HABREJ_clean,5.5004,7.22153,0.929467,1805.81,0.6346,-22.99870472,8.47392118
307,HALVAU_clean,4.09487,7.2529,1.02599,1723.2,0.6096,-20.50679392,7.24039368
308,HAPGIR_clean,5.53694,6.12679,1.24903,1460.77,0.5518,-21.36215756,4.76018157
309,HAPVEB_clean,4.34263,4.76596,2.7741,1216.03,0.4794,-22.37369355,1.78815568
310,HASNOH_clean,4.39397,5.38898,1.86317,1402.69,0.5556,-21.1419833,3.08051967
311,HATZOS02_clean,4.0805,4.8576,1.31729,1109.65,0.544,-22.44523575,3.559917
312,HAVZIP_clean,9.6087,12.95456,0.416845,1954.8,0.815,-10.99147617,5.58E+01
313,HAWREE_clean,4.26157,5.95677,1.29463,1394.9,0.5154,-24.83490204,3.39857874
314,HAWWEK_clean,4.09444,6.09263,0.818977,2614.48,0.6796,-17.01705286,14.45535173
315,HAWWUZ_clean,6.20916,6.85987,1.02767,2542.94,0.6868,-17.80315179,9.43628797
316,HAZWIP_clean,5.42004,6.08536,0.76282,3171.25,0.7336,-15.34752518,17.19497565
317,HEBJAB_clean,4.1551,4.69189,1.19151,652.957,0.4618,-22.31323387,2.27718023
318,HECQUB_clean,5.1208,8.60376,0.78506,2224.45,0.6902,-18.14032438,12.77123985
319,HEDBUP_clean,4.53553,6.082,2.27942,1559.62,0.5574,-16.74480012,2.87278253
320,HEFDED_clean,4.2277,6.92505,1.17857,874.958,0.491,-21.01617449,1.94969208
321,HEXVEM_clean,15.91754,28.43131,0.251734,1350.35,0.895,-9.662955242,8.72E+01
322,HIFWAV_clean,4.81311,6.82644,1.14185,1358.99,0.5914,-25.67140837,4.64146572
323,HIWLUW_clean,3.96476,5.19394,1.59085,1442.83,0.6148,-25.16886865,4.00940298
324,HIYBUN_clean,9.81645,10.15365,1.11827,1552.73,0.6486,-13.92769596,7.01870937
325,HOFSOL_clean,4.48765,6.47441,0.782233,2543.82,0.7104,-16.68310548,14.91377297
326,HOGTOM_clean,5.11822,7.72626,1.77252,921.698,0.4714,-18.4952336,3.17561421
327,HOMZEP_clean,6.78202,8.52957,1.30479,1180.46,0.602,-24.63711761,6.63820766
328,HOXKUB_clean,4.20706,6.32021,1.716,1292.29,0.5408,-23.87447156,2.97721274
329,HOYREU_clean,5.8923,6.42466,1.33156,1407.54,0.5312,-20.79647237,5.09014297
330,HOYROE_clean,5.22739,6.155,1.60811,1166.91,0.4436,-22.97156144,3.13658327
331,HOZTOG_clean,6.41352,8.69843,1.38534,1756.27,0.642,-15.03983708,5.56640112
332,HUFLUR_clean,4.14721,4.58854,1.14854,1287.04,0.5678,-19.31909368,4.37448699
333,HUWLUI_clean,4.69687,8.75473,1.19037,1892.69,0.6324,-18.20032031,7.27624158
334,HUZSOL_clean,8.00393,9.96894,0.905605,1288.39,0.602,-25.75511633,7.64788569
335,HUZSUR_clean,7.4108,9.15011,0.889985,1539.75,0.5804,-23.78603277,8.72698009
336,IBABUL_clean,4.47904,6.15206,1.09763,1721.78,0.559,-23.66523539,5.74535561
337,IBARUA_clean,5.0269,7.1268,1.98004,834.649,0.4306,-23.64304647,2.41459079
338,IBICED_clean,9.94208,10.07018,1.22593,1035.72,0.5562,-15.43953342,5.21848142
339,IBICIH_clean,9.84285,9.99905,1.06849,1087.54,0.5632,-16.25136943,6.28902425
340,IBITUK_clean,4.10664,5.114,1.17728,905.001,0.527,-22.86985816,3.1893397
341,IBUYAH_clean,4.03476,4.28353,1.49492,252.024,0.3994,-24.85316534,1.06955216
342,ICEGED_clean,6.41787,7.44329,0.943252,2339.38,0.7078,-17.06478762,10.52542745
343,ICIVAS_clean,4.60472,5.79063,1.33492,507.517,0.4564,-22.50641775,3.95708805
344,ICODIP_clean,9.93166,12.5506,0.813948,1593.28,0.685,-18.03357116,11.87145952
345,ICOWON_clean,4.2449,5.79599,1.26187,1474.68,0.5752,-20.89406598,3.99199668
346,IDEYOF_clean,6.17304,10.03153,0.42881,2478.11,0.8074,-11.82464861,4.02E+01
347,IDIWOH06_clean,7.07316,7.62433,0.987154,1718.47,0.6278,-18.04118726,8.97899297
348,IDUTUW_clean,4.34552,4.95983,3.2621,618.922,0.4194,-18.46694948,0.82318467
349,IFAGON_clean,5.9349,7.26408,0.928559,1699.23,0.6226,-19.64143901,7.74701718
350,IGEXOH_clean,4.43194,5.20725,1.26433,2211.95,0.6598,-20.99825378,6.90964761
351,IGUCIY_clean,3.9591,4.91096,1.65468,587.51,0.4326,-25.00355297,1.71942404
352,IJOMOJ06_clean,3.9231,4.91242,1.62301,918.889,0.4676,-23.32883878,2.36661098
353,IKUBUL_clean,4.50394,5.00176,1.67146,1332.86,0.5778,-26.47162152,3.92454255
354,ILIFOY_clean,4.36093,5.51379,1.7785,832.969,0.4352,-25.90781793,2.19674081
355,IMAGAG_clean,4.41962,5.63215,0.709614,2844.3,0.7052,-19.12294581,11.14833377
356,IMIDZB13_clean,13.53695,14.94628,0.789914,1937.37,0.726,-21.04444347,9.05966907
357,INIRII_clean,6.39264,7.50885,2.36792,800.533,0.4536,-19.43479551,1.22768411
358,INOMIJ_clean,7.58337,7.95221,0.978026,1630.8,0.607,-18.56472572,9.17400304
359,INOMOP_clean,4.80157,5.26106,1.1048,1287.23,0.553,-22.0083967,5.26170216
360,IPIFAP_clean,5.90208,7.07203,1.44306,1593.23,0.6048,-17.2511526,4.20157284
361,IPIJUM_clean,4.21049,5.58529,1.73559,1483.34,0.546,-19.12119022,3.79083284
362,IQEKUM_clean,4.40009,5.23045,1.19945,1749.75,0.58,-25.33695931,5.84012301
363,ISOJOQ_clean,4.17721,5.96076,0.988783,2105.81,0.6158,-21.93387711,7.2592765
364,ITAHEQ_clean,4.1332,4.67457,1.77433,357.212,0.4132,-25.40742947,0.80956569
365,ITAPAU_clean,4.07473,4.795,1.13588,2690.44,0.6968,-13.28714924,1.65E+01
366,ITAPIC_clean,4.56275,5.53493,0.932577,3320.52,0.7606,-11.47621908,2.55E+01
367,ITOSEQ_clean,3.92423,5.53585,1.23909,1879.29,0.6304,-24.17563788,6.1235572
368,IVESOS_clean,6.89918,12.18175,1.00958,2212.34,0.712,-21.59757759,11.41162681
369,IVOGUX_clean,4.52668,5.27459,1.48634,1223.66,0.5418,-23.92738511,2.8202881
370,IVUVIG_clean,4.28609,6.23822,1.47829,1492.88,0.5414,-22.05055801,4.16974266
371,IXAZEO_clean,4.38313,4.95392,1.49539,968.887,0.4732,-18.20026921,3.02965675
372,IXEJOL_clean,4.11939,5.47758,1.8094,1349.53,0.534,-25.3681937,3.80089261
373,IXOFOR_clean,6.10481,6.58573,1.02216,1741.26,0.611,-19.14366023,7.08243506
374,IYAYUE_clean,4.14311,6.14666,1.13268,1552.87,0.598,-21.92534865,6.32414091
375,IYOBAA_clean,4.86526,7.42959,1.59483,1008.69,0.5194,-18.3206262,2.52014101
376,IYUCEM_clean,8.88789,9.38043,1.09901,1267.7,0.5774,-18.04694176,6.5588993
377,IZEPAF_clean,7.53546,24.1004,0.570649,1958.05,0.7816,-16.95091335,20.06930707
378,IZEPEJ_clean,6.75259,23.87439,0.54542,1808.89,0.7792,-18.6771712,20.84529153
379,IZUKIZ_clean,10.5362,10.98898,1.17505,1397.78,0.5992,-16.80116568,8.97980107
380,IZUMUM_clean,4.64149,5.57902,1.29431,1246.48,0.5324,-21.36253866,4.03520049
381,JAFPIQ_clean,6.66781,7.18163,1.29779,1736.11,0.6626,-15.85326588,7.53298376
382,JAKBIJ_clean,4.07891,5.97609,0.794839,2068.46,0.6772,-16.30042334,12.26833688
383,JAKBOP01_clean,4.27379,5.57699,0.833702,1977.55,0.6608,-16.89564773,9.04715727
384,JEDJUY_clean,4.14906,5.0551,1.66961,1339.59,0.4474,-22.44283301,4.21569001
385,JEDKEJ_clean,6.92938,11.82785,0.805938,1577.17,0.6606,-14.16597843,10.78665416
386,JIVFUQ_clean,5.27198,6.2294,1.14554,1736.51,0.6318,-21.08775299,6.18166767
387,JIZJIN_clean,9.82407,10.26767,1.05391,1128.22,0.5916,-17.96865505,5.33013159
388,JIZWOG_clean,5.24857,5.77811,1.0286,1416.31,0.5656,-23.31353886,5.51338581
389,JOFGOC_clean,4.66172,5.75292,1.28873,519.931,0.4708,-26.26044968,1.88060592
390,JOFKIA_clean,5.13094,6.957,1.57886,1125.97,0.5264,-20.37411586,2.97279647
391,JOQZUM_clean,5.15937,5.68246,1.419,1065.4,0.522,-15.31916758,3.51571804
392,JORBAV_clean,5.15328,5.6025,1.72417,1077.57,0.5402,-16.20926024,2.90069768
393,JORQAK_clean,5.27301,11.42,0.963025,2272.22,0.686,-18.58137658,9.54002078
394,JOWFOQ_clean,6.2746,6.87554,1.0117,2308.98,0.7136,-13.64042381,9.80810258
395,JOYKUF_clean,15.75155,15.8468,0.656923,1385.91,0.7706,-14.30651977,18.17765053
396,JUFREJ_clean,6.00289,6.336,2.30777,537.799,0.3782,-19.18956388,0.86436064
397,JUMDAY_clean,5.71486,6.08117,1.0654,1666.94,0.599,-20.34890369,6.38113427
398,JURKIS_clean,4.89996,7.21804,1.05199,1093.71,0.5258,-19.64755293,4.18749456
399,JUSKIT_clean,5.20139,5.44628,1.40188,617.771,0.4406,-23.30088205,1.60245277
400,KABXOC_clean,4.94994,5.507,1.19591,1938.76,0.616,-21.70610661,6.13128456
401,KAGWEW_clean,9.81151,10.78843,1.6648,1720.66,0.7082,-13.27839994,7.07671058
402,KAJZIH_clean,6.59254,8.4847,1.73964,1004.17,0.4824,-20.72843661,3.39038596
403,KAKCAD_clean,5.14285,9.06904,0.88724,1840.24,0.6138,-19.61623922,9.63150387
404,KAKCEH_clean,8.67891,9.06296,1.03141,1421.05,0.5742,-20.10340127,7.34767896
405,KALFIO_clean,4.5301,6.2859,0.948561,1642.46,0.6062,-22.96970536,7.06957285
406,KALFOU_clean,4.80891,6.46523,0.94279,1718.26,0.5936,-23.96667571,7.41043739
407,KATDAM_clean,6.06717,6.25403,1.40557,375.411,0.4372,-20.25650735,0.7344711
408,KAYBUJ_clean,5.23582,5.49315,1.19412,1383.3,0.511,-24.45320008,4.70161
409,KEBFII_clean,4.1674,5.16866,1.42464,1443.53,0.5604,-20.63902989,2.92888262
410,KEGZOL02_clean,4.48545,5.90632,0.991222,2611.36,0.7042,-15.68166465,9.8855018
411,KEHFUA_clean,3.92327,4.97412,1.11198,578.781,0.5476,-26.37038989,4.38009732
412,KEQDER_clean,6.49901,13.61666,0.543402,2314.06,0.7794,-17.96857365,21.79305056
413,KESGAS_clean,5.11595,5.62194,1.12689,1067.74,0.5322,-24.17604087,4.10734117
414,KEWNUX_clean,5.22557,10.50155,1.81291,2313.92,0.6966,-13.11177938,6.91794939
415,KEWZOD_clean,4.77363,8.2616,0.841576,2025.39,0.6562,-18.81782865,10.82306213
416,KEXFAU_clean,3.96609,4.63469,0.913347,1885.16,0.6022,-21.42051383,7.98276547
417,KEYFIF01_clean,4.83323,5.32692,1.64244,442.085,0.4018,-24.75172832,0.96379923
418,KEYYET_clean,4.16066,4.99758,2.73182,2341.44,0.6236,-13.89743121,3.85361009
419,KIFKEQ_clean,4.42412,5.10059,0.933293,1534.27,0.5798,-24.17028545,7.32491065
420,KIGCEK_clean,10.27787,10.39364,0.990795,1293.94,0.603,-16.61083541,7.43126676
421,KIJPUQ_clean,4.0538,4.83597,1.04226,1795.93,0.619,-23.31604367,9.92729381
422,KINDOC_clean,5.98089,6.25246,1.0194,1977.32,0.6526,-22.08575849,6.72766728
423,KIPJOK_clean,5.53705,7.22312,1.64475,1067.63,0.4574,-20.69674237,2.92157513
424,KIPKAX_clean,7.10265,7.3989,1.86184,543.943,0.4534,-17.13863988,1.99324075
425,KIPKIF_clean,10.34598,10.444,1.11052,737.798,0.5474,-17.13692622,3.82095217
426,KIPZEQ_clean,4.0897,4.90958,1.27414,1102.16,0.4878,-25.9569832,4.1387458
427,KISVEO_clean,6.46344,12.37009,2.21622,1903.3,0.6734,-18.46791997,4.40155691
428,KIYMIQ_clean,6.95471,7.09051,1.0379,1177.89,0.482,-24.56473483,5.2780881
429,KIYQOA_clean,3.94678,4.76031,1.3892,1043.7,0.5312,-28.08226646,4.39353059
430,KOFVOS_clean,4.30833,5.23992,1.25499,1442.74,0.543,-24.63609367,4.22845053
431,KOJCUI_clean,4.82277,5.41179,1.52383,554.534,0.4016,-24.28573115,1.64624224
432,KOMVIT_clean,4.58324,5.90535,1.08467,916.631,0.4426,-19.40595603,4.03244726
433,KOPHOO_clean,9.57458,11.39023,0.493516,2210.08,0.8134,-14.40923355,33.03712822
434,KOTSIX_clean,4.32453,5.60667,1.2413,1001.47,0.493,-22.69766359,3.01308478
435,KUBXOW_clean,4.52244,4.75404,1.18943,503.846,0.432,-28.67149358,2.19073962
436,KUCDIW_clean,4.28733,15.32957,0.82417,1410.27,0.6424,-22.00633358,7.93159043
437,KUFBEU_clean,4.53772,5.14306,2.05503,811.697,0.4976,-21.21751553,1.68564716
438,KUJMEJ_clean,4.05372,4.61683,1.34015,2066.31,0.6314,-21.93452229,6.66807402
439,KUMGUW_clean,18.43364,19.14044,0.903443,1125.56,0.7016,-14.97161241,10.3092156
440,KUTDAG_clean,7.27616,8.09572,1.05444,1387.54,0.5816,-23.53401923,6.01596596
441,KUVMIZ_clean,11.00764,15.75075,0.361001,1774.59,0.8214,-12.02830133,4.83E+01
442,KUVMUL_clean,4.07419,6.75392,0.89776,1801.49,0.591,-20.31041752,7.37765719
443,LACQIS_clean,5.40382,6.42465,0.966783,2295.27,0.6476,-19.05719968,7.73347462
444,LADKEJ_clean,4.80173,5.28453,1.43501,1453.93,0.553,-23.83863488,3.96060745
445,LADQIT_clean,5.56339,6.45056,1.15416,710.115,0.57,-21.79909486,4.31900011
446,LAFQOA_clean,4.90662,12.74838,0.732143,1873.63,0.6698,-22.46156835,11.07537006
447,LAFQUG_clean,4.98724,12.86913,0.728838,1735.49,0.6744,-22.74466416,11.31375279
448,LAGNAK_clean,4.32281,5.49382,1.02346,1865.76,0.633,-19.87017562,7.64495668
449,LAGNIS_clean,4.02699,5.10607,1.11842,1698.05,0.5914,-21.25841345,6.87286882
450,LAGQOB_clean,3.9272,4.89671,1.32887,1753.02,0.599,-21.45188125,6.10835468
451,LAGTIY_clean,5.93464,8.49333,1.13024,2517.32,0.7308,-14.37872709,11.31269871
452,LAGVOG_clean,6.71212,7.38705,0.935187,2320.11,0.6728,-15.6481144,11.49872589
453,LAGWUN_clean,6.60927,7.27418,1.47237,1426.73,0.5734,-20.68701526,4.69835197
454,LALFEL_clean,4.34629,6.13469,1.17934,2824.52,0.6914,-16.10448385,9.73705662
455,LALFUB_clean,4.11701,4.98066,1.72073,1391.23,0.5092,-22.37390698,3.26040126
456,LARNIE_clean,4.14329,4.62596,1.44887,799.885,0.4668,-26.05175955,3.74473918
457,LARVIL_clean,7.09707,7.34441,2.2234,869.863,0.5432,-15.54096052,1.76000948
458,LASRAB_clean,8.47748,10.22208,0.840267,2115.15,0.7808,-10.13522761,3.39E+01
459,LASREF_clean,10.09881,11.04017,0.804882,1997.85,0.781,-10.3478051,3.13E+01
460,LAZJIH_clean,4.95549,5.57744,1.06968,1869.94,0.6238,-22.92344854,6.77238343
461,LAZXOB_clean,6.36719,9.34691,1.04439,1784.83,0.6322,-21.1391525,8.29456104
462,LECFAC_clean,4.43769,9.81867,0.838672,2179.96,0.7164,-22.32286106,13.34520862
463,LECGIL_clean,7.23049,10.08545,0.936646,2086.42,0.727,-12.92947457,13.58037532
464,LEDHEJ_clean,4.21878,5.17343,1.58915,678.436,0.4584,-27.30349401,1.91046364
465,LEYPAI_clean,4.86589,5.73576,1.67394,1567.04,0.5778,-18.27397819,3.22812386
466,LEZMIN_clean,4.07448,4.88856,1.80949,1151.84,0.5686,-25.33485596,3.93753126
467,LIDWIG_clean,4.49229,6.16997,1.15777,1073.38,0.4856,-24.50762058,3.81559076
468,LIQCUK_clean,5.77662,7.72615,1.17897,1310.88,0.5728,-19.22449926,6.31261182
469,LIQJEC_clean,6.07561,8.59986,1.33584,1720.59,0.6236,-17.2322497,5.40523034
470,LIRFIB_clean,8.82724,9.16234,0.554774,2252.81,0.8042,-9.237659379,1.03E+02
471,LITHUR_clean,4.66068,5.86756,1.85218,2577.81,0.691,-12.5474475,5.36448782
472,LIWFAA_clean,6.02481,6.36329,1.39253,745.266,0.4524,-23.3054091,1.83194259
473,LOCZOU_clean,3.92306,5.41094,1.30752,902.141,0.5108,-26.13900845,2.98107541
474,LODKIA_clean,4.49425,6.01281,1.02042,1998.25,0.6138,-22.0432739,7.93820033
475,LODPOK_clean,4.847,6.03379,1.05247,1500.99,0.5354,-26.30029915,5.37593443
476,LOJLAZ01_clean,5.33783,6.41625,1.67137,1436.49,0.5874,-18.91203471,3.33965646
477,LOTDIJ_clean,4.37573,5.46612,0.961023,1171.92,0.527,-26.0134849,4.58664014
478,LOVVAV_clean,4.05774,5.50924,1.30714,1098.67,0.4802,-22.93569066,3.97974762
479,LOXWAY_clean,5.32518,5.69577,1.3733,890.048,0.4566,-24.01793371,2.34719924
480,LOXWEC_clean,6.47995,7.26238,1.2744,1043.86,0.5004,-19.95712795,3.05397639
481,LUBMAW_clean,12.3614,13.15917,0.992617,1200.54,0.628,-17.44183486,8.24610121
482,LUBNAZ_clean,7.02568,8.26904,1.05459,2068.88,0.642,-18.55672541,8.47821747
483,LUFNAC01_clean,5.87256,7.70412,1.02639,1471.97,0.566,-21.66125073,7.21424307
484,LUFNEG_clean,3.97544,4.76594,1.17247,1466.56,0.5002,-25.53804597,5.78387327
485,LUJPUC_clean,4.6808,7.07474,1.16372,1382.44,0.5842,-17.93524407,5.725744
486,LULVOF_clean,3.93529,5.17234,1.20763,463.383,0.474,-31.51776153,2.40353183
487,LUMZAW_clean,4.60336,5.8494,1.30478,1964.07,0.6278,-21.01434057,6.50735182
488,LUSHIR_clean,5.07129,5.64907,1.2313,1163.45,0.5004,-24.44447382,3.42610671
489,LUSHOX_clean,4.92542,5.30336,1.19355,1298.68,0.5398,-22.8383041,3.96852486
490,LUSJAL_clean,4.0179,4.60351,1.37211,763.436,0.448,-27.31360924,2.69640227
491,LUSJEP_clean,5.49511,6.10412,1.18923,1245.03,0.5248,-23.72261719,3.86645819
492,LUVTAY_clean,9.44256,10.30257,1.08662,1146.97,0.5838,-18.91599538,5.33318983
493,MADVUJ_clean,4.69426,5.32382,1.65668,675.478,0.418,-27.71247615,1.7688499
494,MADWAQ_clean,4.51055,5.18677,1.52314,635.031,0.412,-27.2479637,2.21900938
495,MAFLUD_clean,3.98212,5.38373,1.15006,1774.93,0.592,-23.59768089,5.14749741
496,MAGBAZ_clean,4.25931,7.74379,0.9596,2206.02,0.666,-18.55315617,9.51769147
497,MAGBON_clean,5.2032,6.77313,1.14435,2195.85,0.6464,-21.16273205,7.67213443
498,MAGNEQ01_clean,4.15643,5.36278,1.09674,2370.15,0.672,-17.10587916,8.78291804
499,MAKHAJ_clean,4.34017,5.36353,1.65348,1412.13,0.5972,-25.5625973,3.85075476
500,MALSIE_clean,16.81333,16.8944,0.672143,1349.09,0.767,-15.083125,17.40364278
501,MALYOP_clean,4.45382,5.97622,0.927254,1568.46,0.5904,-25.7863805,6.91473592
502,MAPFIS_clean,4.30891,5.59771,1.06696,1494.67,0.5474,-23.5209945,5.7958244
503,MARPOL_clean,4.85089,5.59699,1.22385,769.975,0.4788,-21.12771476,2.19314892
504,MARXEK_clean,6.42208,6.80849,1.6895,1568.88,0.5668,-21.83856841,4.67811102
505,METYIU_clean,4.86322,7.46107,1.31027,1231.65,0.5398,-19.70930243,3.961394
506,MEXJAC_clean,4.65771,6.51326,1.72938,2369.14,0.6388,-16.27397889,5.39962049
507,MIBQAR_clean,7.94876,15.09102,0.589235,2199.79,0.8108,-12.23267305,3.14E+01
508,MIDCAF_clean,9.8382,11.10741,0.853326,1614.16,0.6702,-15.97799927,10.84057295
509,MIJMAU_clean,5.56749,6.68967,1.09709,1295.9,0.5546,-18.65865428,4.00870101
510,MIKJAR_clean,4.85131,5.99502,1.96036,716.905,0.4012,-24.96901865,1.15381235
511,MILROQ_clean,10.83562,19.71713,0.59986,1609.68,0.7756,-13.75673002,22.25908501
512,MIMSUY_clean,10.81199,11.16343,0.974993,1274.86,0.613,-26.38768679,6.71923224
513,MIQLII_clean,4.19114,6.49396,1.29248,1977.91,0.6424,-20.13153027,6.62591589
514,MITSUE_clean,5.33808,6.56785,1.09158,2281.03,0.6788,-18.57833778,9.29462084
515,MODJOG_clean,4.45075,5.59367,1.92976,2690.17,0.6586,-17.559683,5.42538788
516,MOFBIU_clean,4.05435,4.73204,1.35155,598.778,0.4396,-27.71616929,2.29296066
517,MOFKUO_clean,5.89372,10.06674,0.775285,1690.92,0.666,-16.08198122,10.39069145
518,MOLKAB_clean,5.45282,6.21836,1.19004,1495.35,0.585,-21.66157118,4.45105768
519,MOLQEL_clean,4.91398,7.00282,0.922936,2510.46,0.6774,-19.66357847,10.51639967
520,MONXIY_clean,9.20377,14.80939,0.851944,1561.6,0.7036,-12.72677081,14.01884434
521,MOTVOI_clean,7.01536,9.87335,1.00037,1639.71,0.6506,-21.05162543,8.04770943
522,MOXNUJ_clean,7.13556,7.33692,0.746109,2128.73,0.7,-14.98662832,10.74608342
523,MOYMET_clean,8.44595,9.12886,1.00188,1110.93,0.56,-17.55202281,6.14637816
524,MUGHED_clean,5.88693,6.89695,1.44086,1384.56,0.5716,-23.52428521,4.14137202
525,MULQOA_clean,5.12372,5.82935,1.29204,2093.52,0.6306,-20.44071242,6.08029252
526,MULSER_clean,5.71769,6.43873,3.20394,1423.73,0.5564,-19.50465819,2.05643957
527,MUMYAW_clean,4.12111,5.93329,1.25624,296.676,0.4254,-20.99384615,0.78069878
528,MURFIQ_clean,5.2237,7.24055,1.12426,739.654,0.487,-19.88895336,3.73774528
529,MURTUO_clean,4.16389,5.36071,1.95193,861.496,0.5124,-22.37381569,1.47301219
530,MUVNEX_clean,3.95895,5.38689,2.21744,1372.1,0.5208,-16.95437318,3.16958733
531,NABMUA01_clean,6.06718,6.23732,1.12213,1424.12,0.5374,-24.8325403,7.61144188
532,NADZEZ_clean,3.99796,4.52715,1.63451,828.325,0.4522,-29.74109796,3.23282591
533,NAGBUU_clean,4.18445,4.53887,1.74664,609.414,0.3514,-26.3231507,1.65032684
534,NAGCAB_clean,6.99253,7.89572,1.77084,1845.07,0.6216,-13.23510787,5.37468318
535,NAKLIW_clean,4.01579,5.07535,1.15907,1720.4,0.6208,-23.10399266,6.55827642
536,NAPZOV_clean,4.10902,5.15523,1.47553,1007.23,0.5412,-26.10405085,3.54006289
537,NAQQIH_clean,4.15241,8.86151,0.875522,2235.36,0.7024,-14.76824597,13.79908849
538,NATFAS_clean,3.93626,6.53453,1.34798,1587.17,0.564,-24.31379018,5.25933647
539,NAWKII_clean,3.9227,5.87047,0.947947,1478.21,0.5784,-23.20631713,6.35575527
540,NAYGUR_clean,7.0244,7.6924,0.745846,2238.41,0.7254,-16.15022146,13.30844671
541,NAZZEV_clean,8.04863,9.68562,1.02009,1679.74,0.6478,-19.32803602,8.75105953
542,NEGZUW_clean,5.75532,6.52732,1.40591,2132.81,0.6336,-19.09775659,4.44014684
543,NEHNEV_clean,4.61701,5.92864,0.974569,1756.28,0.6058,-22.75879197,7.237307
544,NEHZIK_clean,4.77821,7.34019,1.20148,1239.75,0.5382,-20.41787791,4.28686586
545,NEPWIQ_clean,3.92268,4.3412,2.14557,765.165,0.4758,-26.8094274,3.1735101
546,NERMON_clean,4.69214,5.21245,1.84917,802.953,0.4356,-18.79553474,1.77773808
547,NETYIV_clean,7.05859,8.05298,0.781018,1992.35,0.686,-15.93532641,11.99628663
548,NEVPOU_clean,5.18077,6.31655,1.2374,1037.41,0.5652,-21.41011475,4.68922164
549,NEVVAM01_clean,5.78544,6.94552,1.42342,1408.53,0.5446,-21.26187968,3.45191183
550,NEVVIU_clean,5.56438,6.36711,1.45682,1338.09,0.5148,-21.75034857,3.39579775
551,NEXXIZ_clean,9.22346,9.73301,0.709285,1668.91,0.6328,-20.59956666,12.83893926
552,NEZWOG_clean,5.18119,6.42146,1.71364,1489.36,0.552,-17.64602478,3.66345452
553,NICJOA_clean,4.20266,5.23642,2.06216,363.775,0.3588,-27.76618796,0.93379043
554,NIGPEA_clean,9.24875,10.42385,0.730648,2142,0.6842,-19.77795511,13.92911502
555,NIHBIQ02_clean,3.95166,5.38184,1.6285,1006.66,0.4894,-25.86291536,2.34736558
556,NIJZIP_clean,7.56212,9.04941,1.42787,1214.86,0.5802,-13.48710751,3.65057207
557,NIKDAM_clean,7.14498,7.96983,0.958363,1366.23,0.6056,-18.61038883,7.4613364
558,NOCKOG_clean,5.01808,5.62673,1.04593,1347.49,0.553,-24.11456618,4.54870664
559,NOCLOH02_clean,4.83636,5.50015,1.30452,1262.04,0.5462,-24.49306694,3.96034347
560,NOCZAI_clean,4.04745,4.42954,1.74484,414.324,0.3944,-23.96418303,1.34308325
561,NODKUN_clean,6.79716,8.11946,0.764763,2379.51,0.6852,-19.87359244,13.79551924
562,NOFDUI_clean,4.06199,4.93531,1.21153,1000.68,0.4872,-25.39075707,3.66653031
563,NOFMIG_clean,4.60018,4.94474,1.61734,478.009,0.3774,-27.12402176,1.74520564
564,NOFQEG_clean,4.21812,4.9219,1.56689,625.273,0.4896,-25.67856147,2.6261871
565,NOFQIK_clean,4.61383,4.9549,1.45912,792.567,0.5256,-23.49442168,2.60971568
566,NOHFOG_clean,4.54107,5.40858,1.66638,1542.3,0.5474,-23.82731949,3.1841814
567,NOKJON_clean,5.41094,7.47331,2.39941,2004.26,0.6598,-15.88117662,3.75737513
568,NOQKOV_clean,4.25994,5.57218,1.06467,1684.1,0.536,-25.36002535,5.04472757
569,NOWGIR_clean,6.59726,9.36325,1.43951,1651.33,0.634,-15.37676572,5.45873612
570,NUCPEI_clean,4.45805,6.7664,1.03972,2105.55,0.6338,-23.69401146,8.28061099
571,NUCYIV_clean,4.21601,4.97799,1.53207,652.698,0.477,-24.35594873,1.97378193
572,NUNPAP_clean,4.33549,6.01151,0.794607,2195.03,0.6796,-17.99840096,10.01611172
573,NUVXOT_clean,5.75569,9.16707,0.884237,2287.82,0.7176,-15.45949879,12.0743982
574,NUYNEC_clean,6.82395,8.26029,1.01384,1779.3,0.6224,-16.39491117,9.04165114
575,OBAHAD_clean,7.73253,8.93677,0.94358,1583.91,0.6188,-23.13567396,7.14747405
576,OBODEQ_clean,4.46715,5.13358,1.36036,1938.87,0.5966,-20.45169634,5.55514078
577,OBUFEX_clean,4.35938,5.14759,1.09987,1567.25,0.565,-21.7408914,6.01615722
578,OCACUR_clean,4.89061,5.50745,1.25128,1937.07,0.5884,-21.36741977,6.42394832
579,OCUSIP_clean,4.96775,5.39686,1.58503,1157.95,0.5014,-23.00429751,3.35204161
580,OFESIC_clean,5.0904,7.36476,1.82236,878.112,0.4554,-21.77520589,3.15308222
581,OFODET_clean,4.57313,6.29959,1.15382,1340.43,0.519,-22.32867467,4.7314371
582,OFUCEZ_clean,4.49138,5.30083,1.50666,1791.35,0.5642,-20.02350297,4.84953613
583,OGAGEJ_clean,5.21899,5.64492,1.05864,1853.73,0.6242,-20.76779244,7.30887076
584,OGECOU_clean,5.96321,6.21029,1.2702,1037.22,0.4898,-24.79068166,2.66256093
585,OHAKIS_clean,4.43244,5.22451,1.2284,1098.1,0.5162,-27.71459243,3.98339928
586,OHOMIH_clean,4.30122,4.60907,1.97594,752.524,0.396,-28.73395933,2.05473218
587,OJIWIO_clean,3.99735,4.64307,1.33375,842.543,0.4524,-26.47524457,2.7209973
588,OJONOQ_clean,5.37715,6.43933,1.49915,1863.16,0.6578,-14.65956035,3.77862395
589,OKIQEG_clean,3.99481,5.32479,1.53026,921.294,0.486,-25.85830329,3.62588358
590,OKITAE_clean,4.08974,4.44244,2.43122,732.513,0.4692,-26.63233548,1.72639248
591,OKUTAR_clean,6.35591,10.98199,0.660572,2299.33,0.7416,-17.06832277,16.25735613
592,OKUTEV_clean,12.98274,23.06458,0.330655,1597.33,0.865,-12.50325896,4.00E+01
593,OLAQOI_clean,9.23332,9.42311,1.32858,853.13,0.5142,-15.26311719,4.7242904
594,OLUCAZ_clean,5.1746,5.7945,1.16161,989.952,0.5026,-21.94767341,2.58076093
595,OMUSAS_clean,16.17316,18.71438,0.318003,1216.14,0.8696,-9.483824164,4.84E+01
596,ONEJUN_clean,4.73551,5.6787,3.33073,1808.25,0.5352,-15.00105781,2.01972769
597,ONIXOZ_clean,9.1911,9.95246,0.909707,2025.76,0.6802,-20.51549999,10.10564892
598,ONUQOE_clean,4.64204,5.78941,1.32315,1185.02,0.5286,-25.13829254,4.36328855
599,OPEGUM_clean,5.0291,8.2837,1.3243,2049.77,0.6428,-17.44652063,8.23187945
600,OQIQEM_clean,4.49489,5.45055,1.84745,1087.67,0.4966,-25.90609748,2.34085833
601,OQIQOW_clean,4.61311,5.63723,1.46954,1129.77,0.507,-25.92645074,2.97295094
602,OQOJUB_clean,4.86993,5.19109,1.04071,742.936,0.4654,-25.04188516,3.32874744
603,ORAQUU_clean,4.98086,8.39177,0.858283,1785.46,0.5764,-23.81241549,9.12374221
604,ORIWET_clean,11.05994,11.42805,1.09099,1549.25,0.6484,-15.91450467,10.03811993
605,OSAVEK_clean,5.06196,5.46185,0.991485,1397.48,0.5638,-20.95883871,5.05486714
606,OSAVUA_clean,5.59566,5.76863,0.884314,1778.32,0.631,-18.7692244,9.01171696
607,OSIWOD01_clean,4.04006,4.59958,1.98323,417.822,0.4506,-25.67817845,1.35975156
608,OSIXIY_clean,3.93912,4.45544,1.99203,383.618,0.4342,-26.20723232,1.28736803
609,OTAVAH_clean,4.88116,5.59343,1.10464,1681.99,0.5666,-18.45833736,5.39731558
610,OTAVOV_clean,4.97261,5.7034,1.0469,1728.96,0.5858,-18.18197806,5.58248828
611,OVEDEA_clean,8.18133,11.98894,0.771897,2090.98,0.746,-14.90521376,14.15496913
612,OVEHUT_clean,4.29128,6.55703,1.17548,2147.07,0.6548,-19.82368483,9.99669421
613,OWAVIS_clean,5.9765,9.58182,0.840674,2344.57,0.7226,-16.49139701,12.39938418
614,OWAVOY_clean,4.26959,8.02011,1.00925,2055.28,0.642,-22.19951702,8.38333281
615,OWETIU_clean,4.15657,6.92899,3.31737,1014.79,0.4912,-18.83606767,1.41618983
616,OWIJOV_clean,7.28781,7.41619,1.32565,1655.33,0.6148,-21.64006062,7.15322954
617,OXEVOE_clean,4.29075,5.9996,1.32095,787.004,0.5,-25.37631127,2.45354248
618,OXUPUT_clean,8.39643,9.06209,1.93215,1090.05,0.573,-22.43397832,4.29930406
619,OYEJOS_clean,4.63693,9.55583,0.834794,1714.96,0.6424,-16.75159833,9.20482858
620,OYIVEY_clean,4.77784,8.41834,1.02358,1872.15,0.626,-19.32372866,8.14055268
621,OYODEM_clean,5.22903,8.97217,1.02325,1084.09,0.5442,-18.22544288,4.33756158
622,OYOSAX_clean,4.21189,5.10436,1.19023,1067.87,0.5162,-24.91509826,3.7716503
623,OZAVUI_clean,4.75451,5.43678,1.24526,1365.54,0.5928,-21.51994103,4.80440732
624,OZUKUR01_clean,11.20848,12.00308,1.04914,1577.91,0.6712,-15.08013787,11.04166542
625,PACZUQ_clean,4.23947,6.93068,1.54491,905.644,0.4772,-16.98555799,1.37245735
626,PAKFAL_clean,4.10738,4.75354,2.43205,513.87,0.3964,-20.93273289,0.97450867
627,PAKFEP_clean,4.27875,4.86901,1.90484,508.538,0.3924,-20.60782933,1.21800302
628,PAPROO_clean,5.05276,7.19025,1.91608,861.592,0.4326,-22.37063008,2.80487438
629,PARHAS_clean,6.37667,6.90619,0.69817,2236.54,0.6838,-14.91453466,12.09374215
630,PARHEW_clean,6.67234,7.38605,0.632325,2400.53,0.7148,-13.90058368,16.91324246
631,PARKUQ01_clean,5.18428,6.67552,1.17133,2054.42,0.6446,-19.35941858,8.66246583
632,PARNON_clean,6.23608,7.81335,0.973393,1971.82,0.6118,-20.61782847,8.51272744
633,PASTOU_clean,4.5166,6.66976,1.58721,797.598,0.4778,-22.69647582,1.72687124
634,PEBNEP_clean,3.99855,4.70974,1.47945,319.51,0.4064,-29.04607469,1.37914455
635,PEBXIF_clean,4.32335,4.95285,1.35137,674.505,0.4188,-28.93676898,1.98420501
636,PEGCIP_clean,4.63859,5.4738,1.20371,1399.17,0.5244,-25.19798803,4.24322626
637,PEHTON_clean,4.80371,5.79765,1.25943,995.966,0.488,-20.27587644,2.36401529
638,PEJRIH_clean,5.66231,7.18249,0.833242,2064.23,0.6444,-20.29458044,9.00420895
639,PEKDAM_clean,5.26481,6.66878,0.823111,2211.99,0.6464,-18.87642342,9.90198544
640,PELQII_clean,7.1819,9.06577,0.671525,2063.21,0.712,-21.19517604,14.0209529
641,PENNUT_clean,4.07497,5.51848,1.34514,1276.26,0.5072,-23.57324237,3.55778331
642,PENZIS_clean,4.63461,5.20436,1.48152,1841.93,0.653,-21.8418391,4.39653014
643,PEPLIG_clean,6.39006,6.77242,1.04905,1614.89,0.6148,-19.11902348,6.26896073
644,PEXTUI_clean,4.08127,5.13294,1.41697,1690.94,0.6078,-23.25985233,5.02585738
645,PEYVEV_clean,6.60199,8.8911,1.41868,1212.67,0.6316,-23.54604125,7.05533705
646,PIDMEV01_clean,4.28453,7.72003,1.05835,1674.28,0.5974,-22.90249816,7.47947939
647,PIHJOH_clean,4.65619,4.94237,1.26034,577.978,0.4402,-28.47955165,2.04912968
648,PIHJOH01_clean,4.11044,4.60115,1.31055,429.175,0.4242,-29.63816952,2.06975036
649,PIHJOH03_clean,4.13429,4.52452,1.26708,416.657,0.4502,-28.38137162,2.12939164
650,PIHWAG_clean,7.69473,8.27361,1.26901,1392.1,0.5476,-20.76521808,5.47506474
651,PIJJOI_clean,4.00789,6.12931,1.09199,859.144,0.5414,-25.94835675,4.55895201
652,PITPEP_clean,9.93708,11.41966,0.952882,1649.81,0.622,-22.83863,8.27890105
653,PIZPIX02_clean,3.92497,4.8742,1.75108,1636.83,0.5514,-22.25177615,3.76470202
654,PIZQUM_clean,4.44024,5.38703,1.21672,1189.38,0.5254,-26.04154468,4.34501064
655,PIZRAT_clean,4.64481,5.69309,1.18335,1207.09,0.5368,-24.59493199,3.55023029
656,POCPAZ_clean,5.12111,6.39676,0.921688,1695.17,0.6078,-20.19700545,7.12718234
657,POKSEP_clean,3.94365,5.24976,1.70126,572.314,0.4264,-22.3715197,1.56669624
658,POKSOZ_clean,4.00143,5.23291,1.95789,573.341,0.4166,-21.61602222,1.3822561
659,POLBEX_clean,7.31354,8.55331,1.98623,1149.15,0.5414,-33.52051635,4.59737206
660,POLDOK_clean,4.95206,5.06326,1.44271,500.914,0.4724,-27.19136066,1.85863465
661,PONSOC_clean,6.20805,7.4772,0.784087,1906.95,0.6546,-17.95954702,10.56404837
662,PORVID_clean,6.82741,7.37109,1.40599,1511.82,0.5614,-20.18622566,5.32613772
663,PUMDIM_clean,4.22996,7.80071,1.22507,393.72,0.564,-27.39318293,6.50244498
664,PUMNIV_clean,3.98662,5.71977,1.66821,1567.24,0.6384,-19.36257826,3.82552497
665,PURJES_clean,5.21501,6.1741,1.07844,1412.21,0.5678,-25.45261969,5.0617319
666,PUYZUF_clean,3.92558,5.69776,1.26995,1498.86,0.59,-25.34493861,3.84662337
667,PUZLAZ_clean,6.33216,6.70975,1.05033,2275.23,0.6682,-20.30604367,8.97012262
668,PUZTOV_clean,6.60028,7.33778,1.18441,1668.47,0.6108,-19.64256229,7.07091952
669,PYDCUT_clean,4.73242,5.31645,1.56466,1273.49,0.5466,-23.87756059,3.47604907
670,QADWIE_clean,3.92708,4.58512,1.84741,722.607,0.4522,-27.71836918,2.47208308
671,QADXAX_clean,3.9304,4.50897,1.90926,707.48,0.4456,-28.70286549,2.39420775
672,QAGTOH_clean,4.09874,4.99286,1.12214,865.652,0.4996,-27.50016584,3.49042822
673,QAMKOH_clean,6.12582,10.0961,0.851346,2102.39,0.6788,-18.7087075,11.68765384
674,QAMKUN_clean,4.75516,9.11239,0.990208,2218.56,0.6654,-20.66407571,10.88045487
675,QAQMON_clean,12.87565,13.97996,0.607595,2338.25,0.7644,-17.11821406,18.70541303
676,QATPUX01_clean,4.01669,4.33304,2.21354,646.085,0.3754,-31.30222061,2.41516056
677,QATXIU_clean,6.36836,7.14794,1.22477,1332.85,0.5956,-18.99321144,5.2875155
678,QAVBUL_clean,9.97355,12.14778,1.03126,1437.46,0.626,-15.43014969,8.88567224
679,QEBGAH_clean,5.08562,5.50168,1.08026,1235.17,0.5322,-26.71480684,4.58313849
680,QESYOD_clean,4.49673,7.06657,1.70049,1062.54,0.5092,-21.80114526,2.93250291
681,QIGBIR_clean,4.23557,5.14127,2.30609,2556.32,0.6426,-15.25211421,4.32190441
682,QIHXIQ_clean,8.74819,9.72743,0.867164,1773.91,0.6572,-16.98211924,9.57828446
683,QISNAJ_clean,5.39635,6.86275,1.05954,2863.52,0.7298,-14.95488536,10.10169746
684,QISNEN_clean,5.39558,6.73584,1.14249,2865.04,0.739,-14.17466671,9.50605123
685,QISNIR_clean,5.45743,6.57248,1.21872,2929.79,0.7294,-14.92201909,8.66585109
686,QITXAU_clean,4.09777,5.33833,1.02323,1464.2,0.5698,-24.32810407,5.5137579
687,QIVJAG_clean,4.47657,6.03486,0.924756,2925.59,0.7036,-14.62524052,12.67045317
688,QIVLUE_clean,5.25131,7.23915,1.13303,1816.32,0.6052,-21.21297428,7.0349974
689,QOCBUH_clean,5.2779,5.62714,1.65942,1085.12,0.4334,-26.16374329,3.11121206
690,QOCSAD_clean,4.21505,5.79442,1.39648,1468.21,0.5488,-22.64986783,4.8110307
691,QOFKUT_clean,4.62006,5.30234,1.31152,1132.35,0.538,-26.45472955,4.11184338
692,QOFPAE_clean,4.70685,5.80282,3.42955,1940.39,0.5998,-17.88980814,2.23799073
693,QOJKAB_clean,4.09157,5.80501,1.16562,2116.28,0.6686,-18.79248545,6.23054277
694,QOJVAM_clean,4.07489,5.27687,1.3881,1464.38,0.585,-25.12993423,4.76723891
695,QOMFEE_clean,4.79223,6.23329,0.956504,2173.22,0.6332,-22.17591497,7.58467631
696,QOMSES_clean,4.848,5.8822,0.949674,2240.73,0.658,-19.59709633,7.36710027
697,QONKUB_clean,5.12734,6.24349,0.9162,2335.91,0.6696,-18.55287139,8.09111699
698,QOPCEE_clean,4.42588,5.00224,2.00794,611.459,0.4062,-27.92343833,1.31366006
699,QOPZIF_clean,4.15655,6.77563,1.06978,1861.11,0.6378,-21.55261126,7.24077314
700,QOSXAY_clean,8.88849,9.10767,1.41884,1299.64,0.5556,-15.17313317,5.82771518
701,QOXFIU_clean,3.92821,5.39147,2.22853,612.028,0.4354,-20.73609991,1.56794527
702,QOYYOU_clean,4.51928,20.98431,0.928139,1622.7,0.703,-21.29372065,9.68143892
703,QOZPOM_clean,4.05577,4.94177,1.11879,802.645,0.5788,-24.76282976,5.80519281
704,QOZWAF_clean,4.72444,8.11802,2.64249,1840.83,0.5864,-15.68527698,2.78546841
705,QUBWIU_clean,4.17052,10.48256,1.23045,1614.41,0.6222,-17.28508345,6.93898795
706,QUDJOP_clean,4.53832,6.19638,1.05792,1773.86,0.5902,-23.81377996,5.98325925
707,QULMIU_clean,9.60437,10.29771,1.52872,1059.92,0.525,-18.28050457,3.96769189
708,QUPZAE01_clean,8.13977,8.49323,0.773596,1842.51,0.6824,-17.23633671,12.15872425
709,QUPZIM02_clean,10.10462,10.30552,0.67734,1760.65,0.7112,-16.0224219,14.82682584
710,QUQWUW_clean,7.19033,9.102,0.965103,1741.04,0.668,-19.73047153,9.53193894
711,QUSHUJ_clean,4.82289,7.15336,0.903996,1600.62,0.599,-20.61959113,6.51246862
712,QUTTII_clean,4.39215,5.89004,1.54457,1464.98,0.5138,-22.75430893,3.95666995
713,QUVLAW_clean,4.17616,5.17336,1.33076,1759.07,0.557,-22.60432404,4.90077524
714,RACZEC_clean,5.04854,5.79552,1.51587,900.967,0.4678,-23.84592272,2.15806737
715,RAKMOF_clean,4.74893,6.63021,1.14411,2264.35,0.7132,-14.35126067,7.07162853
716,RANPAA_clean,4.94809,6.05316,1.2743,1610.55,0.5832,-22.5838461,6.08560159
717,RAPBOZ_clean,4.41375,6.26431,1.54927,1120.19,0.4916,-26.3305369,3.35539407
718,RAPYUE_clean,5.74584,8.10283,0.857006,2630.83,0.7212,-15.88514866,12.7500289
719,RASKIH_clean,4.56791,5.34593,1.18507,1106.86,0.485,-27.82665485,3.9833912
720,RATRUB_clean,4.62948,5.58846,1.75407,1139.55,0.5118,-25.02183873,2.46659743
721,RAVVUH_clean,16.37707,17.18258,0.61117,1430.17,0.7478,-16.39655547,18.66483075
722,RAVWAO_clean,17.51395,17.92516,0.536552,1469.43,0.7562,-18.56702892,12.75160181
723,RAVWES_clean,23.62721,24.44059,0.439059,1246.56,0.7912,-17.73338755,17.81168919
724,RAVWOC_clean,27.5597,28.21772,0.383766,1182.94,0.7968,-17.32839254,14.58365041
725,RAVXAP_clean,34.35542,34.85961,0.286106,1008.2,0.8406,-15.67681177,22.81043527
726,RAVXET_clean,38.06649,38.22812,0.326773,945.437,0.8304,-15.14497731,18.43397053
727,RAVXIX_clean,53.26429,53.57674,0.23463,734.576,0.8668,-14.34413555,26.35788943
728,RAVXOD_clean,71.50197,71.64119,0.179103,619.991,0.8986,-12.80332712,3.60E+01
729,RAYKIN_clean,7.12348,9.49471,1.03474,1089.85,0.5584,-21.17632811,5.20077819
730,RAYKUZ_clean,5.83949,8.96402,1.05936,1121.34,0.554,-22.53670242,4.76799468
731,RAYLEK_clean,5.6431,8.02638,1.06522,1090.52,0.5506,-23.49923421,4.53329446
732,RAYLUA_clean,4.81468,6.57685,1.10539,1168.14,0.5316,-23.83385869,4.40444065
733,RAZGOQ_clean,5.1443,5.22922,1.6171,770.443,0.5102,-23.00223712,2.99975847
734,REGJIW01_clean,3.96956,4.19061,2.19605,565.019,0.3638,-29.16138828,2.62596999
735,REGXOS_clean,7.12153,19.50714,0.922207,1499.87,0.6702,-18.50537598,8.11871595
736,REPCIZ_clean,8.08911,8.96999,0.971233,1923.43,0.6808,-18.64336281,10.68746086
737,REWNEO_clean,6.76945,19.37323,0.57834,2196.18,0.79,-15.83359455,23.88553313
738,RICBEM_clean,8.59238,11.37522,0.399184,2277.32,0.821,-11.64856895,5.55E+01
739,RIFQUT_clean,4.23676,5.6172,1.93171,1255.63,0.475,-21.48124867,2.34619944
740,RIFSOQ_clean,4.8446,12.93918,0.716983,1922.33,0.6812,-21.53542165,11.62178127
741,RIGWIP_clean,5.17369,5.39694,2.25257,825.556,0.3946,-25.02111852,1.30309839
742,RIHJUO_clean,5.14173,6.20887,1.46403,1307.23,0.508,-23.42857081,3.64673958
743,RINSEM_clean,4.19628,5.77452,1.18323,2019.49,0.6626,-20.2497355,6.77473009
744,RIPKIM_clean,6.65101,7.16555,1.28891,929.295,0.4824,-19.16964878,2.94678076
745,RIPKOS_clean,6.58374,7.1654,1.25487,953.356,0.4978,-18.5365042,3.01770517
746,RIVDEF_clean,4.40879,4.74355,1.30487,1087.67,0.5116,-20.19459807,2.62662149
747,RIWMUH_clean,10.04767,10.50032,0.982459,1440.31,0.6132,-20.2345931,7.20588864
748,RIXBEG_clean,4.04752,6.00946,1.21211,664.521,0.4704,-25.7225082,2.15961193
749,RIXPIZ_clean,8.42715,9.94535,0.56995,2088.86,0.7428,-20.71211743,20.76749708
750,ROCZIU_clean,5.28492,6.78863,1.08447,2132.05,0.649,-18.88361063,7.93223842
751,RODBAP_clean,5.1049,7.01898,0.913193,2450.75,0.7006,-15.94554234,10.89303469
752,ROGSAI_clean,4.49108,7.26111,1.17019,1831.91,0.6072,-19.16504148,6.73043446
753,RONSOC_clean,5.51941,9.61015,1.44392,1795.25,0.604,-17.4344167,5.9862104
754,RORRIB_clean,4.5608,5.56844,2.09957,1607.82,0.5896,-19.61572008,2.96398634
755,ROTTOL_clean,4.02235,6.50353,1.01612,1524.25,0.5582,-22.88267635,6.33216542
756,ROYRII_clean,5.14039,6.60108,1.17875,1322.43,0.5472,-29.0036776,4.44873806
757,RUFZID_clean,8.77989,10.67067,0.799166,1949.96,0.71,-18.79261219,12.18033065
758,RULQIY_clean,6.89767,8.44935,1.57222,1115.58,0.577,-14.19579315,2.94795297
759,RURPEA_clean,3.99561,4.37304,1.79681,1037.11,0.5372,-24.11179258,3.52443342
760,RUVCES_clean,4.09519,5.62432,1.21847,2083.62,0.6886,-19.575075,5.83074143
761,RUWWUC_clean,4.00559,5.12851,1.54997,877.489,0.4642,-25.69519927,2.79339159
762,RUWXEN_clean,3.94141,5.03811,1.46802,1178.02,0.5092,-23.8236403,3.48191746
763,RUYVIS_clean,13.20205,15.8929,0.679059,1536.4,0.7374,-14.13735715,16.22905654
764,RUZDAS_clean,4.49334,5.2699,1.45263,1149.42,0.5294,-22.10118742,3.23575077
765,SABKIS_clean,5.97974,6.81493,1.3839,1674.07,0.6086,-20.04233989,5.24929816
766,SAJSAA_clean,6.26285,6.806,1.09035,1505.97,0.546,-22.41487971,5.86690934
767,SAKRED_clean,5.02553,5.5169,1.03225,2416.65,0.6696,-19.27139922,8.44593239
768,SALXEL_clean,14.92578,17.7233,0.954529,1589.06,0.7288,-16.99167806,12.35813709
769,SALXIP_clean,16.34268,18.35498,1.06535,1653.8,0.7432,-16.50172299,10.74413845
770,SAQQIL_clean,9.10715,10.65559,0.918282,1715.69,0.6836,-18.99315124,10.87859809
771,SARHAW_clean,10.8267,11.26396,1.13289,1578.11,0.6352,-17.18742072,8.92673816
772,SARTAJ_clean,9.09683,10.07199,0.677116,2107.4,0.719,-14.65480455,16.31515558
773,SARTEN_clean,9.50453,10.26932,0.693255,1933.21,0.7084,-14.91623486,14.64976273
774,SAXRIS_clean,5.1283,6.95604,1.88243,2109.8,0.5242,-13.25407748,4.90815236
775,SEGBIR_clean,9.57778,10.04679,1.2245,885.139,0.519,-17.15453077,4.29750204
776,SEHTAB_clean,4.59352,5.41612,1.41024,2230.71,0.6402,-21.29682022,6.73236835
777,SERCEZ_clean,8.56931,10.07441,0.708098,2363.51,0.7424,-17.9920679,15.43654507
778,SETQIT_clean,4.22902,4.41727,1.31505,1081.66,0.5234,-26.88618432,3.19371921
779,SEZPOE_clean,4.08896,4.80607,1.66902,1314.15,0.5938,-24.99116032,4.03896216
780,SIKYER_clean,4.26393,6.53029,1.2109,2088.91,0.6104,-19.21747739,6.54891474
781,SINQEL_clean,4.60559,5.80887,1.29073,2087.2,0.6484,-21.55819729,8.02058977
782,SIPCID_clean,4.0774,5.31594,1.47588,738.038,0.506,-22.44153672,2.22979872
783,SISQAO_clean,5.23289,5.99338,1.66873,1254.35,0.5178,-23.59012899,2.90626686
784,SIVGOV_clean,4.0676,5.24396,1.11955,1644.75,0.6106,-22.18505214,5.22361633
785,SIVQAR_clean,5.95196,8.43693,1.35381,1577.05,0.616,-20.67525172,5.28706253
786,SIWTEZ_clean,4.98966,6.78942,1.39975,1050.66,0.4732,-22.65498702,3.22654313
787,SODXUG_clean,4.01613,4.72864,1.34536,905.757,0.4682,-29.07347076,3.52162616
788,SOHBUO_clean,4.04207,4.82292,1.2506,823.12,0.481,-25.81662755,3.15845031
789,SOHGUS_clean,8.17838,9.69532,0.723839,1841.74,0.707,-16.57121541,13.24126485
790,SOKWAS01_clean,4.17423,5.31439,1.94035,1774.06,0.5988,-20.6760414,3.33663857
791,SOKWUM_clean,4.29712,5.85854,1.62759,2447.15,0.6492,-16.59969977,5.77157352
792,SOTWOP_clean,5.18247,6.21348,1.16378,2263.81,0.6514,-17.12888093,7.57911311
793,SOZRUW_clean,4.01112,8.81736,0.978332,1794.66,0.6308,-19.83852257,9.43707489
794,SOZSUX_clean,3.96873,8.70746,1.0202,1783.95,0.6284,-20.84472764,8.95994716
795,SUCLOT_clean,5.30597,5.75412,0.900285,1657.72,0.6148,-18.14950073,7.6908713
796,SUFROA_clean,5.00801,5.45181,0.91452,1466.61,0.6234,-21.48618029,8.99648771
797,SUGVUM_clean,4.06776,5.79435,1.1064,1279.06,0.5442,-24.08516514,7.02202721
798,SUGWEX03_clean,4.19574,5.93984,1.09035,1333.34,0.5262,-24.28266328,7.02045647
799,SUPLOF_clean,5.81764,9.82615,0.800346,2153.22,0.6784,-17.21394656,11.78211943
800,SUQHUJ_clean,5.23411,7.25953,1.08539,2701.3,0.709,-18.97782038,9.80215404
801,SUTBIT_clean,7.95785,8.38333,0.856022,1788.93,0.6484,-18.00939562,10.94393415
802,TACWOM_clean,5.25293,6.848,0.694132,2524.62,0.711,-18.15497646,13.56697964
803,TADYII_clean,4.04573,4.96323,1.11527,1604.24,0.5578,-20.02736864,4.9320467
804,TAGSEB_clean,4.12237,5.65756,1.3278,950.233,0.4958,-21.09078643,2.79494274
805,TAGVAB_clean,5.47476,7.19373,0.743514,2474.93,0.678,-17.95010419,11.36759035
806,TAKTEH_clean,6.9512,7.08908,1.23554,1584.49,0.5876,-22.63965807,8.28630145
807,TARVOX_clean,4.38256,4.82249,1.56156,717.335,0.4084,-19.07979423,2.38028156
808,TARWAK_clean,5.11854,5.7222,1.61442,844.237,0.433,-19.59161896,1.82902941
809,TARWEO_clean,5.41792,5.90162,1.76228,855.544,0.4612,-19.22472139,2.67299098
810,TASWOB_clean,6.56977,7.28953,1.26788,1836.09,0.6064,-19.17101847,6.6356
811,TASXIW_clean,4.84143,7.39302,1.10616,2095.82,0.6304,-22.21950809,8.36904198
812,TEBSAW_clean,3.94411,5.155,1.22508,1226.81,0.5714,-24.73666672,4.46217022
813,TEBYIK_clean,5.36085,5.562,1.26306,1057.7,0.4652,-24.06940447,3.22989172
814,TEDLUK_clean,4.6318,5.52889,1.32625,582.503,0.452,-28.06533202,3.04650929
815,TEJLOL_clean,4.97084,6.35231,1.25899,1757.24,0.6298,-20.27697315,5.82786909
816,TETWEW_clean,3.97081,6.01008,2.0273,1705.36,0.5372,-17.48124604,3.9929157
817,TETZEX_clean,9.11674,9.38994,1.90854,1244.92,0.5738,-26.86948544,4.37042532
818,TIDKAS_clean,4.19786,5.39311,1.06903,921.952,0.508,-24.27707767,4.40494356
819,TINFIH_clean,4.42681,5.27741,2.46359,1806.32,0.6116,-16.3783635,2.7350468
820,TIRHIL_clean,7.31301,9.31104,0.758181,2378,0.7986,-9.67478152,3.84E+01
821,TIRLIQ_clean,4.02438,5.16708,1.34501,828.176,0.4914,-26.23389162,2.74864222
822,TIXMET_clean,6.83905,7.38507,1.43185,1792.23,0.6648,-20.51146219,6.69274057
823,TOBJUR_clean,9.47902,10.64745,1.06964,1632.11,0.6686,-17.27662978,9.07078682
824,TOBKEC_clean,8.98959,10.11718,1.13998,1639.27,0.6544,-17.72439539,8.20132874
825,TOHYUM_clean,4.54627,6.18172,1.23378,1539.69,0.5958,-23.48268576,5.29042361
826,TOKDON_clean,4.05076,5.68269,1.1925,2235.99,0.6214,-21.54368465,8.78359447
827,TUBJAD_clean,4.35004,4.85188,1.22218,733.491,0.4892,-23.80435487,2.29524196
828,TUCJAD_clean,4.27387,5.76369,1.22067,1421.06,0.5556,-23.71286989,4.78019427
829,TUPDIT04_clean,4.37549,4.80264,1.30838,800.397,0.4684,-29.07348624,2.99664251
830,TURFAP_clean,4.39558,6.01435,1.05478,1276.17,0.5208,-23.29993929,5.20023135
831,TUYFIE_clean,4.03732,5.48587,1.18223,1310.67,0.5692,-26.56435151,4.44227877
832,TUYJED_clean,4.25748,8.921,1.03154,2274.68,0.7106,-13.77419446,12.28272749
833,UBECEM_clean,4.71272,4.8768,2.40571,1479.77,0.5964,-20.77621251,2.87499083
834,UBIPAY_clean,3.9606,4.38835,1.21218,1031.09,0.4942,-23.85002732,6.08597837
835,UCABAE_clean,4.56824,5.42772,1.09568,662.018,0.544,-26.1415269,3.92020695
836,UCEXIK_clean,4.85437,6.33067,1.46159,1391.18,0.5718,-21.95831481,3.91537353
837,UDICAN_clean,3.93064,4.58421,3.59569,711.428,0.4032,-31.33947745,1.18239325
838,UDUMIP_clean,6.41478,7.19202,1.40092,1718.44,0.5958,-15.73688062,4.94346491
839,UFEVIL_clean,4.04783,6.75773,1.05377,1465.81,0.5784,-20.8476496,5.56994487
840,UGAQEY_clean,4.03861,4.89575,1.29414,1150.64,0.5042,-23.49486746,3.24513908
841,UGOFED_clean,4.20309,5.38504,1.22232,1169.34,0.5274,-27.12904024,3.53168204
842,UGUGUZ_clean,4.07807,4.77323,1.79667,684.632,0.5662,-17.16169869,2.33512621
843,UGUHEK_clean,4.10655,4.77594,1.75746,691.545,0.5694,-16.30936295,2.20549642
844,UJAQUS_clean,6.10118,7.15939,0.989707,2008.92,0.6442,-19.25079879,8.98362587
845,UJOWEW_clean,4.18708,5.75366,1.11983,1989.69,0.6036,-18.62431389,5.22355737
846,UKUBIM_clean,4.5792,7.24657,1.09306,1336.34,0.5474,-26.4695375,4.84363826
847,UKUCAF_clean,4.4286,7.2141,1.05667,1313.72,0.5246,-28.13051758,5.17414008
848,UMESIQ_clean,5.04643,7.11235,1.65932,1412.73,0.558,-23.45441896,3.8132975
849,UMESOW_clean,4.93769,7.17498,1.56952,1391.65,0.5498,-22.21544638,3.85098447
850,UMEXUF01_clean,4.3172,5.93545,1.61863,1574.22,0.547,-24.57123588,3.98108679
851,UMUXAC_clean,4.08308,6.25561,2.75236,376.547,0.4264,-23.32091543,0.38445257
852,UNECOH_clean,6.9765,8.18788,1.09192,2032.27,0.6216,-19.29660242,8.21647984
853,UPIBOM_clean,6.58355,6.9638,1.56774,1538.59,0.5776,-20.15530682,4.98735288
854,USORUR_clean,5.44409,6.75938,0.77718,2490.53,0.705,-19.03132986,12.33829188
855,USOXEH_clean,4.60511,5.26933,1.1789,1588.69,0.5772,-21.7647421,4.71042063
856,USUBUG_clean,5.04943,5.38089,1.1373,1931.44,0.635,-22.15657962,5.81315763
857,USUVIP_clean,4.42991,7.94489,1.30315,1252.83,0.5286,-22.55292504,4.38663661
858,USUWUC_clean,5.71174,6.42663,1.58208,1915.35,0.6074,-21.59013688,5.01068609
859,UTACOJ_clean,8.08324,10.00482,1.1027,1897.31,0.673,-18.98878203,7.00306668
860,UTELIQ_clean,5.48487,6.45449,0.86074,1771.9,0.608,-23.39586556,9.19061465
861,UTEMAJ_clean,6.09927,8.09581,0.734825,2275.05,0.6682,-19.07257589,12.76415505
862,UTOCEN_clean,4.82361,6.30527,1.02298,1494.45,0.5268,-22.99317252,6.13736156
863,UVAHIK_clean,8.58893,16.96735,0.491873,1987.67,0.808,-15.27413342,31.77486838
864,UVOBUE_clean,4.39102,6.22291,2.12393,1051.93,0.5032,-16.42478185,2.37701208
865,UVUDUM_clean,4.8596,7.11279,1.37449,836.385,0.489,-19.95561698,2.54164
866,UVUQAE_clean,4.70396,5.89761,1.14377,1514.01,0.5466,-25.47049935,4.91900494
867,UVUWAL_clean,4.07494,5.70984,1.12706,1693.32,0.5456,-23.91404532,6.74292234
868,UWAGAB02_clean,9.00578,11.0796,0.578861,1848.82,0.7692,-14.20872226,23.76068314
869,UWAGAB03_clean,8.55682,11.64217,0.576845,1943.75,0.7642,-14.77829158,22.77755031
870,UWELIS_clean,4.57547,5.99371,0.952092,2140.18,0.6406,-22.78855759,8.79479681
871,UWOWAF_clean,4.14635,5.4452,1.16308,1303.91,0.5534,-25.89998448,5.32403058
872,UWUTIQ_clean,4.66623,6.1259,1.0094,1933.04,0.5992,-23.86693877,7.23503118
873,UXABOL_clean,5.04349,5.3893,1.74291,842.153,0.4972,-17.48818763,2.6829138
874,UXABUR_clean,5.01707,5.25063,1.46007,406.574,0.4604,-19.69975698,1.03197712
875,UYAQAN_clean,5.3716,7.19018,1.13147,742.019,0.4556,-21.58595921,2.52618966
876,VAFWAB_clean,3.96499,5.22912,1.68714,1215.2,0.594,-26.00444662,3.76683826
877,VAGTAA_clean,4.40372,5.69119,0.872253,1821.29,0.638,-19.94743825,7.77228899
878,VAHPUR_clean,4.4159,5.81668,1.29937,901.437,0.489,-24.31282126,2.39330599
879,VAHQAY_clean,4.40654,5.75711,1.31802,917.051,0.4754,-25.55352735,2.35508738
880,VAHTUW_clean,7.76622,9.85702,1.09206,1071.39,0.5342,-19.64473321,5.1885596
881,VAMQUY_clean,6.02975,8.1051,1.38712,1356.59,0.554,-17.35792528,4.89891074
882,VAPROW_clean,4.52242,6.11564,1.14115,1360.22,0.5292,-20.55423987,4.38889777
883,VAQSEO_clean,4.69235,5.56221,1.46678,509.1,0.428,-26.03825544,1.57375046
884,VAQTUF_clean,6.68232,10.13522,0.858555,1863.51,0.6104,-20.00018841,9.50659894
885,VARJEF_clean,4.26843,7.50874,0.807576,2145.36,0.6264,-20.30549084,11.5832679
886,VARWOC_clean,6.51113,8.41083,1.24989,2285.05,0.6966,-12.18660563,8.23198042
887,VASFON_clean,4.53722,5.84482,1.58678,1481.54,0.517,-20.05173463,3.70626
888,VASGII_clean,6.17315,8.62656,1.08027,1669.66,0.6234,-18.6364233,7.34059389
889,VASKOR_clean,4.15949,4.41725,1.15817,1130.8,0.53,-22.75760018,3.74762822
890,VEDGIW_clean,4.12403,5.91757,1.04313,1656.13,0.5804,-22.7009724,5.65010521
891,VEHJID01_clean,6.6937,8.78437,0.765372,2471.66,0.7812,-13.28229727,15.6112788
892,VEJYIT_clean,5.28654,6.4229,0.928973,1988.07,0.6702,-19.87905652,7.19486123
893,VIDXOX_clean,5.04479,6.16109,1.68509,1433.05,0.5712,-17.78546025,3.58699175
894,VIFBOD_clean,4.35551,5.74056,1.76429,1367.25,0.5562,-20.32757617,3.61907326
895,VIRKIQ_clean,4.39323,4.98641,1.53429,1079.28,0.512,-24.09094164,3.22596131
896,VIRVEY_clean,5.7858,7.24501,1.08742,2630.21,0.715,-15.80081245,9.15747383
897,VIRXIF_clean,5.56303,6.07104,1.4189,1653.8,0.5644,-23.08809184,5.51028563
898,VITHOX_clean,4.49303,5.86927,1.17717,1103.69,0.5446,-27.14705234,4.60899721
899,VIVSEA_clean,5.9564,7.42228,1.07433,1380.89,0.5518,-20.26612432,5.87590507
900,VIVXOP_clean,4.97595,6.49065,1.07139,1218.54,0.5566,-21.43363918,4.13605193
901,VIWLAQ_clean,4.31565,6.55466,1.43716,1676.29,0.5778,-16.75954738,4.92093515
902,VIWZOR_clean,4.15157,6.64322,1.41271,1889.38,0.6434,-21.22904993,5.51226687
903,VIXCUB_clean,4.89154,5.48718,1.09462,2414.99,0.6474,-18.06233449,8.04551957
904,VIYMAT_clean,5.02913,5.60515,1.46758,1606.87,0.544,-21.42553864,4.35645262
905,VIZSOO_clean,4.56253,10.55409,0.761137,2666.36,0.738,-16.76460186,14.77951327
906,VOBKAA_clean,4.43575,5.5254,1.26722,1839.76,0.5992,-23.77329406,5.90603484
907,VOCXUH_clean,4.92703,7.53457,0.767101,2385.97,0.6874,-18.10839477,13.19351894
908,VOKCOP_clean,4.04163,4.89933,1.32671,459.452,0.4712,-30.15201363,2.01270803
909,VOPCEK_clean,5.2412,5.95724,1.32376,1286.35,0.5334,-23.34852303,3.89604185
910,VOVKUO_clean,7.37416,8.79938,2.86501,1668.56,0.6376,-14.74949948,2.95012722
911,VOXVEL_clean,4.28987,6.58217,1.3543,1358.41,0.5474,-25.5789118,4.99574707
912,VOYGOH_clean,6.29263,8.28524,1.28416,2599.39,0.7268,-11.76250619,10.36429739
913,VOZVAJ01_clean,5.99619,7.75927,1.41123,1642.21,0.619,-18.34470518,4.62775608
914,VUHNET_clean,5.15951,10.15164,1.26924,1812.62,0.6596,-17.69155144,5.83412869
915,VUKHOZ_clean,13.81107,14.72034,1.23894,1154.41,0.6248,-13.5495373,7.14747768
916,VUKRUQ_clean,7.40668,8.26088,0.854534,1806.41,0.6414,-17.10365742,10.47757157
917,VULKIX_clean,4.46067,5.85201,1.35895,1067.23,0.497,-22.65130705,3.66418862
918,VUNHAO_clean,7.99015,8.87764,0.6011,2717.65,0.7556,-12.95492678,21.22023403
919,VUNNEZ_clean,5.42758,5.49362,1.41847,1291.95,0.5748,-18.96351742,2.89813881
920,VUQJUN_clean,10.23371,11.32335,0.790589,1727.96,0.6652,-21.63259721,10.56201706
921,VUQKAU_clean,4.46098,5.04139,1.00728,1566.78,0.5754,-23.25179938,6.88486903
922,VUQKUO_clean,3.9328,5.38168,1.30466,913.527,0.5054,-23.33629716,2.30825393
923,VURYOX_clean,5.95893,6.57096,1.3407,1084.43,0.5052,-18.3166889,3.03999611
924,VUWSAJ_clean,4.07448,5.66843,1.11008,1893.61,0.6012,-22.40206964,7.23752282
925,WABVIF_clean,4.28251,5.93486,1.19094,2095.13,0.6604,-17.70631697,6.13863084
926,WABVIF01_clean,4.16855,5.89002,1.2275,2042.76,0.6358,-18.30250376,5.94724642
927,WABVIF02_clean,4.01773,5.85197,1.2803,1937.61,0.6248,-19.19450398,5.8429484
928,WABVIF03_clean,3.92866,5.80274,1.30723,1855.76,0.6136,-19.66905717,5.82118811
929,WAHGAQ_clean,4.0337,5.02878,1.28079,1115.9,0.492,-24.041976,3.2135216
930,WAHGIY_clean,4.40357,5.33673,1.28737,815.264,0.4692,-27.40744352,2.41799433
931,WAJJAU_clean,7.25853,7.49834,1.23284,1414.55,0.5612,-21.01467597,6.35029871
932,WAMREJ_clean,10.49353,15.93828,0.575196,2135.23,0.7842,-16.8362927,19.61824667
933,WARJAC_clean,5.38886,6.27516,1.20156,1848.31,0.6418,-16.90124322,6.35517745
934,WAVQOB_clean,8.18203,10.26547,0.66377,1981.42,0.7732,-12.91087455,23.8902089
935,WAVRAO_clean,4.23694,15.02274,0.819731,1973.4,0.6752,-21.21987577,10.53797255
936,WAVROC_clean,7.91531,18.88525,0.52911,1993.81,0.7926,-13.75238611,26.35633568
937,WAYMAM_clean,6.73992,7.05522,1.02658,1675.75,0.6178,-17.38102121,6.4483529
938,WEMCAU_clean,4.27369,4.83981,1.75476,2235.14,0.5942,-20.80644941,5.39110273
939,WEMDID_clean,4.40435,5.01302,1.50314,2329.65,0.6306,-18.05180768,6.12002842
940,WEMFOL_clean,4.33226,4.8612,1.68559,2254.63,0.5966,-19.49936444,5.55469508
941,WESYAV_clean,4.61034,4.87361,1.39877,1201.03,0.5228,-26.4547574,3.40752366
942,WEXTAV_clean,4.19272,4.98825,1.40649,999.163,0.5104,-22.08889174,2.86874129
943,WIFBAQ_clean,5.44238,6.13409,1.2726,1015.51,0.5042,-21.69438027,3.86086263
944,WIKXAQ_clean,3.92787,7.61954,0.877202,2692.33,0.7338,-14.44426122,21.62354763
945,WILGII_clean,4.025,5.04706,1.31109,1273.98,0.578,-23.56194543,3.81893877
946,WISVEB_clean,6.85436,8.95121,0.828799,2404.18,0.747,-13.7523753,15.19628019
947,WITFIQ_clean,7.14981,7.78275,1.04071,1146.72,0.556,-19.00593767,5.19643558
948,WIZDEP_clean,10.51295,11.388,1.29023,1549.54,0.6408,-17.75451886,7.50484149
949,WIZKOH_clean,4.22892,6.09672,0.908366,2253.73,0.6284,-21.24579051,9.06149698
950,WOBHIF02_clean,10.81912,11.64593,1.22147,1587.51,0.6626,-17.72569211,8.34683547
951,WOHBOL_clean,5.4941,5.78941,1.35546,920.648,0.4734,-23.22327994,2.41963301
952,WOHQAN_clean,4.1636,6.17426,1.52633,1173.96,0.515,-17.70584213,3.37537987
953,WOHSIV_clean,4.01614,4.85776,1.45202,314.846,0.3664,-27.14944988,1.27057134
954,WOHSOB_clean,4.03549,4.76467,1.44804,377.496,0.3538,-25.74721972,1.22921246
955,WOQTUT_clean,5.799,7.74164,1.37569,1208.67,0.519,-16.1704344,3.97670073
956,WOTSEF_clean,4.87372,5.63894,0.95923,2385,0.6578,-20.05009633,9.25416695
957,WOVDES_clean,4.01485,5.23028,1.22139,660.545,0.4386,-27.94007468,1.79562197
958,WUHJIT_clean,7.53577,10.93441,0.740914,2058.85,0.6834,-18.08165517,13.60416761
959,WUZGEF01_clean,6.21636,9.04154,0.817889,1989.28,0.681,-17.89395054,11.3171703
960,WUZQOZ_clean,5.82661,6.97207,0.933596,1700.54,0.6474,-17.7622228,7.1690917
961,XACSIG_clean,4.49569,5.90641,1.1598,896.995,0.4966,-23.74397509,2.89037541
962,XADGOA_clean,4.05764,4.96518,2.7729,1349.87,0.5428,-22.83169717,1.97755493
963,XAFXOT_clean,4.82034,5.91185,1.88819,647.785,0.3646,-23.16836932,1.76538742
964,XAGPUT_clean,4.55432,5.48557,1.58071,2319.33,0.6272,-20.01839257,5.62684779
965,XAHWAG_clean,4.37499,5.39358,1.33376,2734.04,0.6868,-20.90197154,6.75835945
966,XALTIP_clean,9.17237,18.68299,0.551216,1809.24,0.7988,-13.61983108,3.18E+01
967,XAPGAZ_clean,8.73539,10.38016,1.35659,2005.54,0.7244,-9.720222532,1.78E+01
968,XAPSIS_clean,4.76389,5.46139,0.955004,2054.51,0.644,-20.05595454,7.74725452
969,XARCEB_clean,7.66141,7.93575,1.31784,1141.17,0.5118,-16.8661068,4.06058554
970,XARPAK_clean,5.54999,5.96341,1.02109,1555.57,0.5744,-20.95734564,6.96838312
971,XEBHOC_clean,9.91355,12.08201,0.465059,2182.46,0.813,-12.73847515,4.03E+01
972,XEDPED_clean,8.43628,10.92065,1.03509,1442.59,0.609,-22.78699444,5.06512289
973,XEDPIH_clean,3.94171,4.84924,1.78705,773.954,0.5042,-26.65399372,1.96279648
974,XEFKOI_clean,4.03203,4.24138,1.2014,660.067,0.487,-27.18910568,3.63927051
975,XEGJIE_clean,4.32331,6.8392,1.14242,1823.4,0.6078,-20.79323769,6.66244954
976,XEGKAX_clean,4.94122,7.81736,1.03321,2328.38,0.6462,-18.37329818,8.65631197
977,XEGKUR_clean,5.85838,6.60096,1.03463,2226.74,0.653,-18.48591721,8.36085853
978,XEKCAT01_clean,4.93297,5.91545,0.930696,2244.72,0.61,-20.10226294,9.85341251
979,XESKAJ_clean,9.29464,9.85685,1.10591,1360.23,0.5664,-18.46496565,7.6626615
980,XESKOX_clean,8.41102,8.68446,1.56653,1098.15,0.4752,-15.60704543,3.70154028
981,XESKUD_clean,9.32015,9.9638,1.26973,1375.76,0.5732,-15.90939324,7.01940946
982,XESLAK_clean,9.72546,10.31182,1.3077,1323.78,0.5742,-14.51856741,7.10220999
983,XEXMEU_clean,8.85338,9.62722,1.05458,1424.32,0.595,-19.66786835,6.80872169
984,XICNOO01_clean,6.85327,19.50435,0.908856,1908.32,0.7472,-15.27277403,13.62677838
985,XIGWUF_clean,4.99162,7.07949,0.478412,3315.96,0.7822,-8.480107911,6.15E+01
986,XIHSAJ_clean,4.0122,6.08478,1.01421,1817.12,0.6044,-21.50184071,6.44164184
987,XIJNUA_clean,15.59763,16.09945,0.764109,1484.46,0.8168,-7.452790595,2.35E+01
988,XINHOT_clean,4.10207,5.41924,1.543,726.815,0.4344,-26.30381971,1.97217229
989,XIRWEB_clean,4.29296,7.2188,1.41877,715.694,0.4914,-19.64734508,1.76510856
990,XISPEW_clean,5.46523,7.45128,1.17603,1960.28,0.6188,-19.75304588,7.80093079
991,XISPEW02_clean,5.5228,7.73943,1.0858,1985.75,0.6324,-20.00839138,8.22377623
992,XISPUM_clean,4.58436,7.32941,1.21765,2007.19,0.6216,-20.67114492,7.38425053
993,XOHLEM_clean,4.54089,5.52611,1.339,1839.55,0.5986,-23.77754009,5.38126111
994,XOMCIN_clean,4.25779,5.94246,0.995112,2064.21,0.6074,-23.62516563,7.47662426
995,XOMDOU_clean,4.66373,6.08861,1.18202,859.304,0.5438,-29.85730487,3.86242823
996,XOPMIA_clean,4.71058,5.53948,1.05182,1628.72,0.5582,-23.95593788,6.11699731
997,XOSPOK_clean,4.57668,6.02139,1.94823,1837.76,0.586,-25.06357536,3.92477366
998,XOVPON_clean,4.13919,5.74841,1.29056,1444.67,0.5696,-21.95069732,3.65479684
999,XOVVOU_clean,5.59779,6.57595,1.07267,2264.54,0.6676,-21.38517656,7.02006028
1000,XUDNAN_clean,5.1775,8.67531,0.937633,1918.83,0.6496,-18.82802091,8.98367789
1001,XUDPIX_clean,6.9563,11.39057,0.55889,2521.72,0.7746,-14.87138893,22.4018154
1002,XUDYOM_clean,5.48654,5.92099,1.63199,1266.45,0.5438,-24.03310692,3.82098441
1003,XUMTUV_clean,5.1227,5.4813,1.25424,1931.27,0.6264,-22.72661073,5.86443758
1004,XUMVEH_clean,5.03328,5.51001,1.14233,1980.67,0.6382,-21.13153052,6.50809169
1005,XUNHAQ_clean,3.93895,4.43369,1.01112,1121.76,0.495,-26.26023162,4.16483657
1006,XUWKEH_clean,4.2003,5.79973,1.47767,748.2,0.4194,-17.51700542,2.13504914
1007,XUZWAS_clean,4.83031,5.29133,1.86031,533.221,0.3826,-23.01064085,1.16591061
1008,YABPAU_clean,4.33044,5.82793,1.0705,1501.93,0.5582,-24.81196932,5.55648754
1009,YAHPED_clean,3.93575,6.77398,1.0241,1743.19,0.5738,-21.89785339,6.9424334
1010,YAKBOE_clean,5.37055,7.89334,0.873402,2239.44,0.674,-24.28485514,10.85758507
1011,YAQKEI_clean,4.18958,4.87973,1.91746,825.152,0.4374,-27.7412051,2.06433941
1012,YARKOT_clean,3.98181,5.25265,0.962764,1924.08,0.6296,-21.46626394,8.15367737
1013,YARSAN_clean,3.94642,5.04398,1.29452,830.585,0.4644,-30.01331519,2.84533415
1014,YARYEV_clean,4.02417,5.64641,1.12294,2187.12,0.6948,-14.59708467,5.12367973
1015,YARZEZ_clean,4.40455,5.63038,0.959184,2069.23,0.682,-16.37131587,9.33972387
1016,YASLUA_clean,4.00194,4.94209,1.70772,1160.33,0.57,-22.26319301,4.17759748
1017,YATTUK_clean,5.09996,5.98818,1.2421,2236.34,0.6648,-18.14582988,7.30040714
1018,YAVVOJ_clean,4.02282,4.78155,1.48818,1095.49,0.5464,-23.73384316,4.13408072
1019,YAVZAX_clean,4.55984,5.41112,1.50963,1275.98,0.5678,-23.14993108,3.57875766
1020,YAWFOS_clean,4.52277,6.58573,1.38834,1531.01,0.6034,-15.91733874,3.95660289
1021,YAWKOX_clean,6.54227,7.42586,1.26071,1716.68,0.6098,-17.54843381,7.22591218
1022,YAYLER_clean,4.34921,4.97966,3.91304,903.181,0.4372,-21.00141784,0.98662982
1023,YAYPOF_clean,4.6947,6.50595,2.40269,1158.01,0.5536,-20.62776241,2.03874816
1024,YAYRAT_clean,5.25433,6.10819,0.863424,2602.75,0.6904,-19.34091178,10.78137511
1025,YAZWOM_clean,4.19832,4.58853,1.42471,389.253,0.47,-22.23450798,1.0849672
1026,YEBLAT_clean,6.14414,6.81519,1.60609,1346.83,0.5478,-17.50368896,3.17976826
1027,YEKQOW_clean,3.97085,13.71017,1.23134,1607.97,0.6056,-25.81254725,5.95509039
1028,YEMFOM_clean,4.09686,4.97553,1.71885,1447.62,0.5806,-25.92644664,4.84182647
1029,YEQRER_clean,4.7032,5.87384,1.15967,3090.85,0.7338,-10.4231674,1.60E+01
1030,YEQRIV_clean,4.79932,5.99633,0.74227,3172.25,0.734,-9.577007987,2.75E+01
1031,YEYBOV_clean,4.18132,4.79846,1.50434,519.528,0.4416,-21.08007123,1.12043846
1032,YICREI_clean,5.57464,5.84848,1.84239,1401.27,0.5592,-24.72740183,2.94088633
1033,YINPEQ_clean,8.23796,9.47139,0.666821,2383.65,0.7906,-12.66376629,22.39589374
1034,YINSUL_clean,5.91239,7.15711,1.11162,1294.62,0.555,-22.94870377,5.11268141
1035,YIPDOR_clean,7.54281,10.31977,0.44826,2440.58,0.7974,-12.51223154,3.70E+01
1036,YIRHIS_clean,3.93405,4.24734,3.2661,944.042,0.452,-25.96495686,1.71299715
1037,YISFEL_clean,4.23769,5.46375,1.76848,680.689,0.5068,-19.84228879,1.54182202
1038,YIVZIO_clean,4.87179,7.47444,1.1331,1630.87,0.577,-17.37617086,5.98861749
1039,YIXZAI_clean,7.28051,7.92995,1.6586,940.685,0.461,-21.21628188,3.23302373
1040,YOBYAR_clean,7.13433,9.69314,0.65232,2302.34,0.7484,-14.82050509,19.66640717
1041,YOCCIE_clean,5.18062,6.8059,1.41637,1048.63,0.5234,-27.12304457,3.76531314
1042,YOCSEQ_clean,4.82783,5.29821,2.09158,1030.37,0.4588,-24.43099456,1.86743586
1043,YODJEI_clean,7.6798,12.07331,0.781962,2220.74,0.7506,-20.61382923,13.90796086
1044,YOFGOR_clean,4.78135,5.41632,1.32576,1175,0.499,-25.61091105,3.57157458
1045,YOPSUS_clean,4.57669,5.792,1.01065,1321.51,0.5412,-24.99149545,4.73847269
1046,YORLEY_clean,9.82464,14.11404,1.50654,1067.45,0.6006,-25.92407333,3.05372604
1047,YOTXOW_clean,5.79696,6.29142,1.36514,595.047,0.467,-23.80088752,2.09352856
1048,YOYQEK_clean,5.08469,6.62212,1.12644,928.228,0.5154,-27.54432101,3.70700811
1049,YOYVAL_clean,4.09246,5.10696,1.36597,1540.95,0.565,-20.99242904,4.32852127
1050,YOZQEK_clean,12.00951,13.97996,0.61183,1737.5,0.7918,-12.97228846,25.33778184
1051,YUDFIO_clean,6.24399,7.42167,1.08555,1886.91,0.6204,-15.7653366,7.46950936
1052,YUDFOU_clean,6.34458,7.64047,1.05425,1899.74,0.6516,-15.40296971,7.90749278
1053,YUKBIP_clean,5.14112,7.45539,1.50868,778.831,0.462,-25.07823132,2.10299321
1054,YUKBIP01_clean,4.94698,5.75762,1.54223,644.913,0.4546,-24.69278142,1.45459818
1055,YUMJAS_clean,4.99676,6.24531,2.01823,1798.6,0.5646,-15.83126334,3.71800133
1056,YUMKAU_clean,6.58571,9.79433,1.05716,1773.48,0.674,-17.25299037,8.45001577
1057,YURKEC_clean,7.08763,7.90101,1.07399,1764.62,0.6344,-18.49881296,8.90940287
1058,YURKIG_clean,5.83867,6.91612,1.00356,2150.65,0.6578,-19.87062392,8.37910742
1059,YUTDUO_clean,6.23902,7.90649,1.39467,1474.83,0.5612,-28.36007568,4.58218216
1060,YUTGEZ_clean,3.93601,5.82433,1.29826,1025.59,0.5686,-18.49214521,2.56330087
1061,YUYBIF_clean,4.56878,5.00131,1.44177,873.775,0.501,-26.81015901,2.40204225
1062,YUYLIP_clean,4.3746,5.22265,1.35436,1100.13,0.5156,-24.95850019,3.31980212
1063,ZAGHAT_clean,4.19176,4.51112,1.1607,908.617,0.5106,-24.93826219,5.30440114
1064,ZASJAG_clean,8.06587,8.3258,1.20593,1261.26,0.5316,-19.12116506,5.59676958
1065,ZASTUK_clean,3.95884,5.34498,1.23434,967.3,0.4876,-26.54989136,3.14316439
1066,ZAVPIX_clean,4.4404,5.34624,1.2826,1715.57,0.5728,-22.27593059,5.08369505
1067,ZECKID_clean,8.28295,10.33934,0.62663,2205.37,0.7756,-11.98453827,22.90937464
1068,ZEXKUK_clean,4.11889,5.43641,1.10203,1510.94,0.521,-25.10048539,4.40008611
1069,ZEZQAY_clean,4.76238,6.85728,1.25559,1624.77,0.5694,-21.04131485,4.97791864
1070,ZEZQIG_clean,4.79829,6.88408,1.21505,1604.06,0.5894,-20.65076986,5.17187521
1071,ZIGFEC_clean,6.83723,12.80978,0.799051,2091.31,0.7146,-24.26869029,13.67670726
1072,ZILBAZ_clean,4.28704,4.9863,0.999721,1029.25,0.551,-23.1127696,4.04205201
1073,ZIMLAK_clean,4.17837,8.81434,1.15604,2223.72,0.7056,-14.81038977,10.05206106
1074,ZISFEO_clean,4.0904,4.87799,1.19653,987.013,0.5152,-25.84125897,4.40710262
1075,ZITRUP_clean,5.01398,6.53672,0.717884,2623.55,0.7268,-15.13152617,13.00055069
1076,ZODPUF_clean,4.01306,9.64217,0.962992,1654.97,0.6112,-20.60326129,7.61969223
1077,ZUBKEO_clean,5.27577,6.01999,1.38468,1271.51,0.5184,-22.7783984,3.63226453
1078,ZURROT_clean,3.92111,4.90807,1.07774,1554.64,0.611,-20.92428795,5.19827682
1079,ZUXPOZ_clean,4.31959,4.9428,2.00162,1314.33,0.579,-21.90710505,2.57517926
1080,ZUYLOW_clean,5.26139,8.12213,2.03901,1194.86,0.5264,-17.05728707,2.36461885
